profile,shop,item_url,shop_url,price,flag,item_id
,,https://item.jd.com/11687318939.html,,,,11687318939
耐克NIKE 男子跑步鞋 NIKE AIR MAX TAILWIND 8 跑步鞋 805941-001 黑/白-煤黑 US9码42.5码,Nike耐克京东自营专区,https://item.jd.com/4248668.html,//mall.jd.com/index-1000001927.html,,JD自营,4248668
耐克 NIKE 男子休闲鞋 NIKE AF1 ULTRA FLYKNIT MID 运动鞋 817420-100 白色 US9.5/43码,Nike耐克京东自营专区,https://item.jd.com/3550097.html,//mall.jd.com/index-1000001927.html,,JD自营,3550097
耐克 NIKE 女鞋运动鞋 ROSHE ONE 轻便透气潮款休闲鞋 599729-611 粉色 38码/5.5Y,Nike耐克京东自营专区,https://item.jd.com/4869394.html,//mall.jd.com/index-1000001927.html,,JD自营,4869394
耐克 NIKE 女子休闲鞋 NIKE JUVENATE 运动鞋 724979-101 白色 US6.5码37.5码,Nike耐克京东自营专区,https://item.jd.com/3227885.html,//mall.jd.com/index-1000001927.html,,JD自营,3227885
耐克Nike跑步鞋男子秋季新款缓震耐磨透气运动跑鞋 819300-401 C 819300-407 40.5,爱淘运动专营店,https://item.jd.com/12063305697.html,//aitao.jd.com,,,12063305697
耐克 NIKE 男子休闲鞋NIKE Sock Dart 休闲鞋 819686-003 狼灰/白 US11码45码,Nike耐克京东自营专区,https://item.jd.com/3829517.html,//mall.jd.com/index-1000001927.html,,JD自营,3829517
耐克男鞋 2017春新款AIR ZOOM气垫运动鞋透气缓震舒适低帮跑步鞋898466 DF 831352-001/17夏季新款 43,天马运动专营店,https://item.jd.com/10487877009.html,//xyyzsg.jd.com,,,10487877009
Nike SB Bruin Premium 耐克男子低帮气垫板鞋 滑板鞋 运动休闲鞋 631041-001 40.5,,https://item.jd.com/1950146258.html,,.00,,1950146258
NIKE耐克男鞋跑步鞋2017夏季新款网面透气耐磨休闲运动鞋844838-005 Kaishi黑白奥利奥833411-010 41,热点运动户外专营店,https://item.jd.com/11165795726.html,//converserd.jd.com,396.00,,11165795726
耐克男鞋nike 2017春夏新款男子跑步鞋气垫飞线运动休闲缓震慢跑鞋898466-001 898466-001 40,上下运动专营店,https://item.jd.com/10422689576.html,//shangxia.jd.com,518.00,,10422689576
Nike耐克男鞋 2017新款 TANJUN SE 男子运动文化鞋 跑步休闲鞋844887 812654-011 黑/白（经典配色） 41,宜动旗舰店,https://item.jd.com/11829628049.html,//ydsport.jd.com,439.00,,11829628049
NIKE耐克男鞋2017春新款运动鞋KAISHI 2.0缓震休闲跑步鞋876875-001 KAISHI 2.0跑鞋876875-002 42.5,君悦运动专营店,https://item.jd.com/11460600800.html,//junyueyd.jd.com,410.00,,11460600800
耐克女鞋2017春季新款AIR ZOOM运动透气耐磨跑步鞋831356-005-001 2017新款黑色831356-001 38,恺琪运动专营店,https://item.jd.com/10391487744.html,//kqsport.jd.com,855.00,,10391487744
耐克 NIKE运动鞋Air Footscape Woven NM 875男子跑步鞋 休闲鞋 875797-200 41,网亿运动专营店,https://item.jd.com/11973030404.html,//wangyi.jd.com,769.00,,11973030404
特价 耐克女款阿甘鞋经典NIKE CORTEZ休闲低帮板鞋457226-413 C 457226-805 38.5,爱淘运动专营店,https://item.jd.com/1533580954.html,//aitao.jd.com,269.00,,1533580954
NIKE耐克女鞋运动鞋FLEX TRAINER 5轻质舒适耐磨跑步鞋724858-008 黑色+粉色724858-013 38,热点体育旗舰店,https://item.jd.com/11391385055.html,//redian.jd.com,498.00,,11391385055
Nike耐克 17春季 男子 AIR PRESTO运动休闲鞋 848187-600-400 848187-011 42.5,杰之行运动专营店,https://item.jd.com/12049728972.html,//jzxyd.jd.com,,,12049728972
耐克Nike童鞋夏季新款青少年运动耐磨气垫跑步鞋 654288-400 C 654288-400 6.5Y/脚长241MM,爱淘运动专营店,https://item.jd.com/12140699585.html,//aitao.jd.com,279.00,,12140699585
Nike耐克2017夏季新款男子户外运动透气耐磨缓震休闲跑步鞋902813-002-100 902813-002/17夏季新款 40.5,锐速运动专营店,https://item.jd.com/11701826453.html,//kryd.jd.com,499.00,,11701826453
Nike耐克男鞋2017夏季新款KAISHI低帮运动透气慢跑步鞋833411-010 DF 844838-005 42/265,清鸿叶运动专营店,https://item.jd.com/10296759537.html,//qhyyd.jd.com,439.00,,10296759537
Nike耐克男鞋跑步鞋秋季ROSHE RUN运动休闲跑步鞋511881-112 T Z 511881-112 42.5/270/9,锦顺运动专营店,https://item.jd.com/10673277724.html,//xinrui.jd.com,399.00,,10673277724
耐克男鞋 2017夏季新款低帮运动鞋air max气垫缓震透气休闲跑步鞋852461 DF 852461-005/17夏季新款 42,幸运叶子旗舰店,https://item.jd.com/10076077088.html,//xyyz.jd.com,656.00,,10076077088
全球购耐克（Nike）男士 Air Max Tavas 时尚休闲运动鞋专柜 标准47/US12.5,,https://item.jd.com/1976390123.html,,891.00,,1976390123
Nike耐克AIR PEGASUS 83男子复古休闲慢跑鞋827921-003 ZB 827921-003 40,沈斯克运动专营店,https://item.jd.com/11324179684.html,//shensike.jd.com,389.00,,11324179684
NIKE耐克男鞋达尔文飞线休闲鞋运动鞋运动休闲鞋-819803-051 819803-051 42,云聚运动专营店,https://item.jd.com/11401063725.html,//iyunju.jd.com,349.00,,11401063725
NIKE耐克女子WMNS NIKE REVOLUTION 3跑步鞋819303 819303-017+黑\灰 40,滔搏运动官方旗舰店,https://item.jd.com/11804513007.html,//topsports.jd.com,389.00,,11804513007
NIKE耐克 男鞋Air max系列休闲鞋减震运动鞋运动休闲 833260-010黑+白 41,微能量运动旗舰店,https://item.jd.com/11226968314.html,//weinengliangyd.jd.com,459.00,,11226968314
Nike耐克男鞋跑步运动鞋 880839-001 41,加百利运动专营店,https://item.jd.com/11990398149.html,//mall.jd.com/index-12721.html,719.00,,11990398149
Nike 耐克男鞋AF1 ULTRA FLYKNIT低帮男子运动休闲鞋空军一号817419 翡翠绿/白/黑/蓝绿色 42.5,,https://item.jd.com/1985008537.html,,1099.00,,1985008537
耐克NIKE女鞋春秋款ROSHE RUN运动休闲跑步鞋724979-004 844994-002 39,热点体育旗舰店,https://item.jd.com/10526661743.html,//redian.jd.com,486.00,,10526661743
NIKE耐克男鞋2017春季新款AIR MAX全掌气垫运动跑步鞋849559-402 Air Max全掌气垫849559-001 42,热点运动户外专营店,https://item.jd.com/11318049218.html,//converserd.jd.com,1329.00,,11318049218
耐克NIKE男鞋 AIR MAX 气垫 复刻 休闲鞋 跑步鞋 运动鞋 819476-005 银灰色42,Nike耐克京东自营专区,https://item.jd.com/3715984.html,//mall.jd.com/index-1000001927.html,898.00,JD自营,3715984
Nike耐克男鞋 2017春新款运动慢跑低帮复刻低帮轻便休闲板鞋882018-002 DF 882018-002 40,风驰运动专营店,https://item.jd.com/11519998234.html,//fengchiyundong.jd.com,489.00,,11519998234
耐克 NIKE 男鞋运动鞋 AIR MAX LD-ZERO 全掌气垫缓震耐磨跑步鞋 848624-002 蓝色 43码/9.5,Nike耐克京东自营专区,https://item.jd.com/4086245.html,//mall.jd.com/index-1000001927.html,1498.00,JD自营,4086245
NIKE耐克2017年新款男子NIKE AIR VRTX '17复刻鞋876135-001 876135-001+黑/白/深灰/白 40,滔搏运动户外专营店,https://item.jd.com/11551679849.html,//yougousg.jd.com,559.00,,11551679849
幸运叶子NIKE耐克男鞋 2017夏新款AIR MAX 复刻休闲鞋跑步鞋852461 DF 749680-002/17新款 40,江苏叶子运动专营店,https://item.jd.com/1812212587.html,//xyyzjs.jd.com,499.00,,1812212587
幸运叶子耐克Nike女鞋夏开拓者Blazer高帮透气休闲鞋板鞋518171-611 518171-611 38,江苏叶子运动专营店,https://item.jd.com/1543667365.html,//xyyzjs.jd.com,298.00,,1543667365
【京东配送】耐克女鞋Nike Flex 2017新款女子轻质透气跑步鞋831562-001 17新款粉色511882-610 37.5码/6.5,脉动运动专营店,https://item.jd.com/11765913295.html,//maidong.jd.com,439.00,,11765913295
【新品】耐克Nike WMNS NIKE REVOLUTION 3女跑步鞋运动 NIKE_819303_013 40 /255,,https://item.jd.com/1981695290.html,,499.00,,1981695290
耐克NIKE 2016春 女子运动生活系列WMNS AIR MAX 1 ESSENTIAL 跑步鞋 37.5码 599820400,京东自营国际运动精品专区,https://item.jd.com/3910558.html,//mall.jd.com/index-1000005792.html,798.00,JD自营,3910558
耐克男鞋nike AIR MAX 2017春新款男子运动气垫减震跑步鞋852461 ZG 852461-005 40,瑞动运动专营店,https://item.jd.com/11323992665.html,//mall.jd.com/index-602487.html,579.00,,11323992665
Nike/耐克 Air Max 1  黑白 男气垫休闲运动跑步鞋 705297-011 705297-011 43,三行之运动专营店,https://item.jd.com/11714494223.html,//mall.jd.com/index-34043.html,699.00,,11714494223
nike耐克2017春季新款男鞋经典低帮复古耐磨透气运动休闲板鞋 377812-044 377812-044/17春季新款 40,锐速运动专营店,https://item.jd.com/10069913874.html,//kryd.jd.com,379.00,,10069913874
Nike耐克2017夏季新款FREE RN赤足系列男子跑步鞋898457-001 X 898457-001 40,腾吉运动专营店,https://item.jd.com/11699758810.html,//mall.jd.com/index-70112.html,519.00,,11699758810
NIKE耐克 新款 男子飞线跑步鞋AIR ZOOM PEGASUS 33 831352 831352-001黑/白/煤黑/冷灰 44,宜动旗舰店,https://item.jd.com/10403160589.html,//ydsport.jd.com,679.00,,10403160589
nike耐克17夏男鞋Air Max气垫减震轻便透气运动跑步鞋805941-001-007 805941-406/17夏季新款 39,锐速运动专营店,https://item.jd.com/10070935716.html,//kryd.jd.com,749.00,,10070935716
美国正品Nike/耐克 AIR MAX 2017轻盈舒适透气男子运动跑步鞋 849559-404 8.5,,https://item.jd.com/1983964239.html,,1852.00,,1983964239
耐克童鞋 AIR MAX 90 GS男女大童透气休闲跑步鞋 833475-001 833475-400 38,粒度运动专营店,https://item.jd.com/11895036338.html,//feiyu.jd.com,599.00,,11895036338
耐克男童女童鞋 2017夏新款幼童毛毛虫运动鞋缓震透气跑步鞋343738-306 DF 343738-803 13C/31码/19.5cm,茵特运动户外专营店,https://item.jd.com/12020366866.html,//mall.jd.com/index-662405.html,,,12020366866
耐克女鞋nike Air Max 2017新款黑白奥利奥气垫缓震运动休闲跑步鞋833662 833662-011 38,海客体育运动专营店,https://item.jd.com/12459621246.html,//haikeyd.jd.com,469.00,,12459621246
耐克男鞋2017春新款运动鞋KAISHI 2.0缓震休闲跑步鞋876875-002 QC KAISHI 2.0跑鞋876875-002 42,热点体育旗舰店,https://item.jd.com/1161384486.html,//redian.jd.com,406.00,,1161384486
【新品】耐克Nike 夏经典休闲运动跑步鞋WMNS NIKE DOWNSHIFTER 7 NIKE_852466_001 38.5 /245,,https://item.jd.com/1981723918.html,,499.00,,1981723918
耐克男鞋nike Sock Dart 藤原浩喷墨羊毛袜子跑鞋情侣运动休闲慢跑鞋819686 819686-400 44,海客体育运动专营店,https://item.jd.com/12574714633.html,//haikeyd.jd.com,568.00,,12574714633
耐克女鞋2016春秋款运动轻便耐磨休闲跑步鞋724858-301 724858-301 36.5,考利运动专营店,https://item.jd.com/11249687011.html,//mall.jd.com/index-38630.html,319.00,,11249687011
耐克男鞋 秋冬新款AIR TR. V. CRUZ复刻鞋休闲鞋777535-003 DF 黑色 777535-004 40,风驰运动专营店,https://item.jd.com/11239930621.html,//fengchiyundong.jd.com,749.00,,11239930621
Nike耐克男鞋2017春季新款ROSHE RUN运动休闲轻便跑步鞋511881-029 ROSHE灰色/白色511881-023 42,文石运动专营店,https://item.jd.com/11479134785.html,//wenshiyd.jd.com,479.00,,11479134785
Nike Shox NZ SE 耐克男鞋 气柱缓冲跑步鞋 时尚运动鞋 833579 833579-005 42,SNEAKERHEAD官方旗舰店,https://item.jd.com/11404963015.html,//sneakerhead.jd.com,1030.00,,11404963015
NIKE耐克男鞋 RUN运动鞋休闲透气轻便耐磨训练缓震跑步鞋611511 白色003 7.5=40.5,有球必应高尔夫,https://item.jd.com/10235740240.html,//yqbygolf.jd.com,739.00,,10235740240
Nike Rosherun 耐克女子潮流彩虹跑鞋 705486-400/601 705486-005 6Y/38.5/24cm,久华运动专营店,https://item.jd.com/12299396938.html,//mall.jd.com/index-24422.html,299.00,,12299396938
耐克童鞋Nike2016秋季新款飞线运动鞋登月透气跑步鞋834316-004 834316-004 34-2.5Y,皓洋潮汇运动专营店,https://item.jd.com/10588564225.html,//haoyang.jd.com,502.00,,10588564225
Nike耐克男鞋2017年夏季ROSHE透气运动跑步鞋844833-009 844833-008 40/250/7,锦顺运动专营店,https://item.jd.com/12381810273.html,//xinrui.jd.com,761.00,,12381810273
耐克男鞋 新款JORDAN ECLIPSE运动休闲跑步鞋724010 DF 奥利奥配色724010-010 44,幸运叶子旗舰店,https://item.jd.com/10532593666.html,//xyyz.jd.com,498.00,,10532593666
幸运叶子Nike耐克女鞋 2017夏新款奥利奥缓震轻便运动跑步鞋855810-001 DF 855810-001 耐克女35.5/220,江苏叶子运动专营店,https://item.jd.com/11059530653.html,//xyyzjs.jd.com,649.00,,11059530653
耐克男鞋女鞋2017夏季新款AIR ZOOM气垫飞线透气缓震轻便运动休闲情侣鞋跑步鞋 DF 831356-001 女鞋 38,清鸿叶运动专营店,https://item.jd.com/11189855046.html,//qhyyd.jd.com,689.00,,11189855046
NIKE耐克男鞋2017夏季新款阿甘轻便耐磨慢跑运动休闲鞋876873-101 2017新款876873-101 40.5-7.5,恺琪运动专营店,https://item.jd.com/12536730688.html,//kqsport.jd.com,,,12536730688
幸运叶子耐克女鞋 2017夏季新款FREE 赤足运动跑步鞋831509-600 831509-600 37.5/235,江苏叶子运动专营店,https://item.jd.com/10388122106.html,//xyyzjs.jd.com,,,10388122106
Nike耐克童鞋2017夏新款婴童ROSHE ONE网面透气运动休闲鞋819691 DF 819691-008 8C/25码/140mm,清鸿叶运动专营店,https://item.jd.com/12422408823.html,//qhyyd.jd.com,279.00,,12422408823
耐克NIKE男子休闲鞋AIRMAXMOTIONLW气垫跑步鞋833260-110白色42码,Nike耐克京东自营专区,https://item.jd.com/5095474.html,//mall.jd.com/index-1000001927.html,648.00,JD自营,5095474
NIKE耐克2017年新款男子AIR MAX 90 ULTRA 2.0 ESSENTIAL 875695-002+黑/黑/黑/深灰 42,滔搏运动户外专营店,https://item.jd.com/11552345077.html,//yougousg.jd.com,799.00,,11552345077
NIKE耐克 女子休闲鞋 ROSHE TWO运动鞋 844931-100白色36码,Nike耐克京东自营专区,https://item.jd.com/4095303.html,//mall.jd.com/index-1000001927.html,648.00,JD自营,4095303
耐克NIKE运动鞋 女子AIR MAX气垫缓震防滑运动休闲跑步鞋鞋 833418-101 833418-101 37.5,晓起运动专营店,https://item.jd.com/11045393436.html,//xiaoqiyd.jd.com,399.00,,11045393436
NIKE耐克2017夏季新款女子户外运动透气缓震跑步鞋863780-001 863780-002 36.5,锐速运动专营店,https://item.jd.com/12556038147.html,//kryd.jd.com,979.00,,12556038147
耐克男鞋运动鞋 春夏新款AIR MAX 1 复刻鞋慢跑鞋休闲鞋819476-004 特价529 黑色819476-004 42码/8.5,脉动运动专营店,https://item.jd.com/11084032315.html,//maidong.jd.com,529.00,,11084032315
NIKE/耐克 2017夏款透气男子运动慢跑步鞋飞线登月科技低帮 654433-006 登月6 黑红 44,长沙道勤运动,https://item.jd.com/1760997263.html,//mall.jd.com/index-44915.html,459.00,,1760997263
耐克Flex Experience RN 6女子舒适透气网眼跑步鞋881805-600 881805-600 36,久华运动专营店,https://item.jd.com/11986388301.html,//mall.jd.com/index-24422.html,439.00,,11986388301
Nike Air Max Thea 耐克男鞋女鞋GS 气垫跑步慢跑鞋 运动休闲鞋 814444-007 40,SNEAKERHEAD官方旗舰店,https://item.jd.com/12275686526.html,//sneakerhead.jd.com,723.00,,12275686526
幸运叶子Nike耐克女鞋 2017春新款华莱士休闲运动鞋 859429-003 859429-100/17新款 36.5,江苏叶子运动专营店,https://item.jd.com/10120920318.html,//xyyzjs.jd.com,636.00,,10120920318
耐克Nike男子新款全掌气垫缓震透气运动跑步鞋 683632 C 683632-018 42,爱淘运动专营店,https://item.jd.com/12100580083.html,//aitao.jd.com,469.00,,12100580083
耐克NIKE女鞋2017夏季新款运动休闲透气跑步鞋复刻休闲鞋812655-110-011 白色599432-113 37.5,热点百货商行专营店,https://item.jd.com/10499964404.html,//mall.jd.com/index-107680.html,692.00,,10499964404
NIKE/耐克 AIR MAX 90 男子潮流气垫运动跑步鞋休闲复古高帮透气板鞋 537384-124 白蓝 42.5,长沙道勤运动,https://item.jd.com/11243366811.html,//mall.jd.com/index-44915.html,539.00,,11243366811
【正品包邮】NIKE耐克AIR HUARACHE RUN ULTRA男女运动鞋819151 42.5(275),,https://item.jd.com/1976449763.html,,939.00,,1976449763
Nike耐克2017新款AIR MAX男鞋气垫缓震耐磨跑步鞋 844836-500 40,烽火轮运动专营店,https://item.jd.com/12158471742.html,//fenghuolun.jd.com,,,12158471742
NIKE耐克2017春夏新款男鞋 休闲鞋运动鞋902813-002 902813-002黑+白+深灰 42,SKOMART运动旗舰店,https://item.jd.com/11818360975.html,//mxkadidas.jd.com,,,11818360975
耐克男鞋Free Rn 2017 夏季轻便透气运动鞋赤足跑步鞋 880839-001 黑色880839-001 43,徐氏运动专营店,https://item.jd.com/12005912430.html,//mall.jd.com/index-40691.html,,,12005912430
NIKE耐克 男鞋ROSHERUN休闲鞋运动鞋运动休闲844656-400 844656-004黑+白+煤黑 40,SKOMART运动旗舰店,https://item.jd.com/12034885266.html,//mxkadidas.jd.com,499.00,,12034885266
NIKE耐克男子NIKE ZOOM SPAN跑步鞋852437-004 852437-002+黑 41,滔搏运动户外专营店,https://item.jd.com/10689566747.html,//yougousg.jd.com,559.00,,10689566747
耐克女鞋2017春季新款KAISHI 2.0 SE轻便运动休闲鞋844898 17春新款844898-602 35.5,智凯运动专营店,https://item.jd.com/11264972755.html,//zksports.jd.com,389.00,,11264972755
NIKE耐克女鞋 2017夏季新款Loden休闲缓震运动鞋休闲鞋896298-601 DF 896298-001 38.5,幸运叶子旗舰店,https://item.jd.com/12207200657.html,//xyyz.jd.com,489.00,,12207200657
NIKE耐克男鞋2017夏季新款运动休闲缓震耐磨跑步鞋880843-001 黑色880843-001 39-6.5,热点体育旗舰店,https://item.jd.com/11781075949.html,//redian.jd.com,948.00,,11781075949
幸运叶子耐克男鞋 2017春新款运动鞋休闲透气轻便复刻跑步鞋827921-401 DF 898457-003/17夏季新款 40.5/255,江苏叶子运动专营店,https://item.jd.com/10122173127.html,//xyyzjs.jd.com,499.00,,10122173127
耐克女鞋 AIR RELENTLESS 5运动跑步鞋807098-002 807098-002 37.5,久华运动专营店,https://item.jd.com/12061505812.html,//mall.jd.com/index-24422.html,,,12061505812
NIKE耐克女鞋2017夏季新款FREE RN赤足飞线运动轻便跑步鞋880840-001 黑色880840-001 37.5-6.5,热点运动户外专营店,https://item.jd.com/11632724595.html,//converserd.jd.com,659.00,,11632724595
耐克2017春夏季新款air max气垫缓震跑步鞋749680-002 2017夏款狼灰852461-005 43,考利运动专营店,https://item.jd.com/11189350281.html,//mall.jd.com/index-38630.html,655.00,,11189350281
KH 耐克男鞋 2017夏新款运动鞋Kaishi网面透气休闲鞋慢跑鞋833411 DF 833411-010 41,幸运叶子旗舰店,https://item.jd.com/10317334670.html,//xyyz.jd.com,429.00,,10317334670
耐克男鞋2017春新款FREE FLYKNIT赤足飞线运动跑步鞋834584-001 DF 834584-001 40,幸运叶子旗舰店,https://item.jd.com/11267216382.html,//xyyz.jd.com,869.00,,11267216382
幸运叶子耐克女鞋 2017春新款AIR ZooM透气运动鞋跑步鞋843882-001 DF 843883-010/17夏季新款 37.5/235,江苏叶子运动专营店,https://item.jd.com/10485191066.html,//xyyzjs.jd.com,429.00,,10485191066
Nike耐克女鞋 2017新款AIR MAX气垫低帮透气运动跑步鞋719916-006 719916-006 38.5,久华运动专营店,https://item.jd.com/11968648160.html,//mall.jd.com/index-24422.html,489.00,,11968648160
耐克/NIKE ROSHE TWO 黑白 男子休闲运动 跑步鞋 金属银844656-100 44,威乐运动专营店,https://item.jd.com/12208345647.html,//boles.jd.com,499.00,,12208345647
NIKE耐克 AIR MAX 男子专业跑步鞋 全掌气垫806771 411 宝蓝/白/粉蓝 42.5,宜动旗舰店,https://item.jd.com/11100832505.html,//ydsport.jd.com,1099.00,,11100832505
NIKE耐克男鞋春夏新款跑鞋魂针运动鞋Air Max全掌气垫飞线跑步鞋806771-100 806771-100 40,煜茂母婴专营店,https://item.jd.com/12155232005.html,//mall.jd.com/index-656547.html,1059.00,,12155232005
耐克Nike男鞋夏季新款AF1空军一号运动高帮耐磨休闲鞋板鞋 864014-600 C 864014-600 40.5,爱淘运动专营店,https://item.jd.com/12175135429.html,//aitao.jd.com,,,12175135429
Nike耐克女鞋 2016秋季新款Air max 90复古跑步鞋844886-600 DF 844886-600 38/240,清鸿叶运动专营店,https://item.jd.com/10503091340.html,//qhyyd.jd.com,598.00,,10503091340
耐克休闲鞋男鞋2017春季新款KWAZI简版椰子运动鞋844839-002-600 2017新款黑白色844839-002 42,恺琪运动专营店,https://item.jd.com/10608396747.html,//kqsport.jd.com,699.00,,10608396747
Nike/耐克 CLASSIC CORTEZ 男 阿甘休闲跑步鞋 532487-091 532487-091 43,三行之运动专营店,https://item.jd.com/1437111980.html,//mall.jd.com/index-34043.html,349.00,,1437111980
耐克Nike女鞋新款运动一脚蹬懒人休闲鞋板鞋724769-607 白色724769-106 36,君悦运动专营店,https://item.jd.com/11460642428.html,//junyueyd.jd.com,270.48,,11460642428
耐克Nike2017新款男鞋跑步鞋运动鞋跑步819300-013 819300-013隐形黑+荧光黄+煤黑+白 41,SKOMART运动旗舰店,https://item.jd.com/11479986084.html,//mxkadidas.jd.com,379.00,,11479986084
NIKE耐克男鞋跑鞋17夏男子 AIR ZOOM气垫运动跑步鞋 852437 852437-402/17夏季新款 44.5,锐速运动专营店,https://item.jd.com/11273285777.html,//kryd.jd.com,699.00,,11273285777
耐克女鞋Nike2016秋AIR MAX运动鞋气垫耐磨跑步鞋 806772-001 806772-016 37.5,皓洋潮汇运动专营店,https://item.jd.com/10573943447.html,//haoyang.jd.com,1142.00,,10573943447
全球购耐克（Nike）Roshe One 男女定制款星空泼墨跑步鞋情侣款运动休闲鞋 星空泼墨/黑色金勾 40/男女款,,https://item.jd.com/1983565130.html,,.00,,1983565130
NIKE耐克 2017新款女鞋ROSHERUN休闲鞋运动鞋运动休闲844931 白色844931-100 36.5,沈斯克运动专营店,https://item.jd.com/11083953457.html,//shensike.jd.com,454.00,,11083953457
Nike耐克男鞋2017春季新款运动鞋轻便透气舒适复古休闲鞋882018-001 882018-002 40,考利运动专营店,https://item.jd.com/11573491693.html,//mall.jd.com/index-38630.html,469.00,,11573491693
耐克女鞋 2017春夏新款AIR MAX全掌气垫跑步鞋运动休闲慢跑鞋806772-006 849560-001 37.5,海客体育运动专营店,https://item.jd.com/11944634837.html,//haikeyd.jd.com,1298.00,,11944634837
全球购耐克（Nike）男士 Metcon 3 时尚休闲运动鞋专柜 标准42.5/US9,,https://item.jd.com/1983623696.html,,1568.00,,1983623696
【正品包邮】Nike耐克ROSHE ONE运动跑步鞋男女椰子鞋844994-001 38(240),,https://item.jd.com/1974862189.html,,629.00,,1974862189
NIKE耐克男鞋2017春夏新款FREE赤足慢跑鞋运动休闲鞋880839-001 2017新款880839-001 39-6.5,热点运动户外专营店,https://item.jd.com/11620678342.html,//converserd.jd.com,646.00,,11620678342
Nike耐克 17夏季 女子 Zoom All Out气垫运动休闲跑步鞋 878671 878671-101 39,杰之行运动专营店,https://item.jd.com/12049540727.html,//jzxyd.jd.com,,,12049540727
耐克Nike Air Presto GPX  复刻休闲 sock dart  袜子跑步鞋 黑红848187-006 40-US7适合39至40,bebe8运动专营店,https://item.jd.com/10524202164.html,//bebe8.jd.com,599.00,,10524202164
NIKE耐克 女鞋跑步鞋低帮运动鞋跑步819303-001 819303-017黑+薄荷绿+白+深灰 38.5,SKOMART运动旗舰店,https://item.jd.com/11807764454.html,//mxkadidas.jd.com,379.00,,11807764454
NIKE耐克女鞋2017新款AIR MAX运动低帮透气休闲鞋833989-001 煤黑荧光黄833989-002 37.5-5Y,热点运动户外专营店,https://item.jd.com/11878182552.html,//converserd.jd.com,379.00,,11878182552
耐克Nike男子跑步鞋Nike Air Zoom Structure 19 跑步鞋 806580-401 蓝/白 US9.5码43码,Nike耐克京东自营专区,https://item.jd.com/3702779.html,//mall.jd.com/index-1000001927.html,998.00,JD自营,3702779
耐克男鞋夏季新款ULTRA BR运动透气网面休闲鞋复刻鞋慢跑鞋833128-800 黑色833128-001 40,恺琪运动专营店,https://item.jd.com/10385959184.html,//kqsport.jd.com,,,10385959184
耐克 NIKE 男鞋运动鞋  ROSHE TIEMPO 男子休闲慢跑鞋 853535-117 白色 44码/10,Nike耐克京东自营专区,https://item.jd.com/4086233.html,//mall.jd.com/index-1000001927.html,599.00,JD自营,4086233
NIKE耐克男鞋秋冬休闲鞋板鞋802611-602   T X 802611-602 40.5/255/7.5,锦顺运动专营店,https://item.jd.com/11294745170.html,//xinrui.jd.com,614.00,,11294745170
耐克男鞋nike Air Max 2017新款气垫跑步鞋运动休闲慢跑鞋833260-010 876066-002 40,海客体育运动专营店,https://item.jd.com/10513917454.html,//haikeyd.jd.com,699.00,,10513917454
Nike耐克女鞋2017Air Max Tavas气垫休闲跑步鞋 599409 CS 599409-610 40.5,沈斯克运动专营店,https://item.jd.com/11265218523.html,//shensike.jd.com,454.00,,11265218523
NIKE耐克2017年春款男鞋休闲鞋低帮ROSHE运动鞋跑步鞋耐克官方旗舰店-乐 705149-407钴蓝-黑-白/2017年新款 9/42.5,晨墨运动专营店,https://item.jd.com/10343041546.html,//chenmo.jd.com,559.00,,10343041546
NIKE耐克男鞋2017春夏新款FREE赤足慢跑鞋运动透气休闲鞋880839-001 DF 880839-401 44,风驰运动专营店,https://item.jd.com/11919443839.html,//fengchiyundong.jd.com,679.00,,11919443839
耐克女鞋夏季新款KAISHI 2.0休闲鞋复刻鞋833666-010-051-501 黑色833666-010 37.5-6.5,热点体育旗舰店,https://item.jd.com/10260753908.html,//redian.jd.com,376.00,,10260753908
耐克女鞋 2017春新款AIR MAX 8气垫运动鞋透气休闲跑步鞋805942 DF 805942-001 37.5,风驰运动专营店,https://item.jd.com/10890015638.html,//fengchiyundong.jd.com,749.00,,10890015638
耐克NIKE 女子跑步鞋 FLYKNIT LUNAREPIC 运动鞋 818677-007黑色38码,Nike耐克京东自营专区,https://item.jd.com/4104157.html,//mall.jd.com/index-1000001927.html,1398.00,JD自营,4104157
耐克男鞋女鞋 17春夏ROSHETWO缓震轻便运动情侣休闲跑步鞋844656-003 DF 844931-002/女款 女鞋38,江苏叶子运动专营店,https://item.jd.com/10069223635.html,//xyyzjs.jd.com,489.00,,10069223635
NIKE耐克男鞋2017春季新款综合训练耐磨轻便运动跑步鞋831561-001 2017新款831561-001 43,恺琪运动专营店,https://item.jd.com/11265525986.html,//kqsport.jd.com,679.00,,11265525986
Nike耐克女鞋运动鞋AIR ZOOM气垫减震休闲跑步鞋818100-001 831356-007/2017新款 36.5(23cm),酷买运动专营店,https://item.jd.com/11348759899.html,//cooli.jd.com,629.00,,11348759899
耐克男鞋2017春季款AIR MAX全掌气垫缓震运动鞋休闲跑步鞋806771-001 DF 849559-402/17新款 42/265,清鸿叶运动专营店,https://item.jd.com/10614873894.html,//qhyyd.jd.com,1098.00,,10614873894
耐克 男鞋Air Huarache Ultra华莱士跑步休闲鞋819685-002  DF 819685-002/17夏新款 40,天马运动专营店,https://item.jd.com/12217797407.html,//xyyzsg.jd.com,698.00,,12217797407
NIKE耐克运动鞋男鞋2017春季新款AIR MAX透气轻便跑步鞋749680-002 气垫黑蓝749680-002 42.5-9,君悦运动专营店,https://item.jd.com/11460634727.html,//junyueyd.jd.com,476.00,,11460634727
耐克男鞋 2017夏季新款AIR MAX全掌气垫运动鞋缓震耐磨低帮跑步鞋849559 DF 849559-001/17新款 42.5,天马运动专营店,https://item.jd.com/10225748372.html,//xyyzsg.jd.com,1159.00,,10225748372
耐克男鞋2017运动鞋Free 5.0赤足飞线跑鞋透气跑步鞋831069-001 842545-700 42,久华运动专营店,https://item.jd.com/12049456542.html,//mall.jd.com/index-24422.html,399.00,,12049456542
Nike/耐克 CLASSIC CORTEZ 男 阿甘休闲跑步鞋 532487-403 532487-403 42,三行之运动专营店,https://item.jd.com/10128955419.html,//mall.jd.com/index-34043.html,299.00,,10128955419
Nike 耐克 男子低帮 PRESTO 862749-001 862749-001 44(28cm),网天运动专营店,https://item.jd.com/12100218968.html,//wtydhw.jd.com,,,12100218968
NIKE耐克男鞋2017夏季新款阿甘鞋白红复古轻便耐磨慢跑休闲鞋876873-101 白色876873-101 40.5-7.5,热点体育旗舰店,https://item.jd.com/12536505435.html,//redian.jd.com,565.00,,12536505435
耐克女鞋2017春夏季新款Air Max气垫鞋缓震耐磨跑步鞋852465-002 红色852465-600 38.5,考利运动专营店,https://item.jd.com/11189355642.html,//mall.jd.com/index-38630.html,599.00,,11189355642
Nike耐克男鞋 2017夏新款运动鞋ARRO低帮复刻板鞋休闲鞋902813-001 DF 848187-101/17夏季新款 41/260,清鸿叶运动专营店,https://item.jd.com/11777775239.html,//qhyyd.jd.com,598.00,,11777775239
NIKE耐克2017年新款女子WMNS NIKE TANJUN复刻鞋812655 812655-110+白/白/黑 37.5,滔搏运动户外专营店,https://item.jd.com/10477422644.html,//yougousg.jd.com,474.00,,10477422644
Nike耐克男鞋跑步运动鞋 844833-008 42.5,宝夏运动专营店,https://item.jd.com/12035872006.html,//mall.jd.com/index-31218.html,759.00,,12035872006
耐克男鞋女鞋 2017夏新款情侣FREE赤足透气慢跑鞋运动休闲鞋880839-001 DF 黑白奥利奥880839-001 40,风驰运动专营店,https://item.jd.com/11587430237.html,//fengchiyundong.jd.com,699.00,,11587430237
耐克NIKE男鞋2017夏季新款AIR MAX 全掌气垫缓震运动跑步鞋806771-001 AIR MAX 全掌气垫806771-001 43-9.5,文石运动专营店,https://item.jd.com/10107968012.html,//wenshiyd.jd.com,978.00,,10107968012
耐克男鞋2017春季新款AIR MAX气垫缓震透气运动跑步鞋844874-001 2017年新款844874-007 43,考利运动专营店,https://item.jd.com/11189177564.html,//mall.jd.com/index-38630.html,518.00,,11189177564
Nike SB Bruin Premium 耐克男子低帮气垫板鞋 滑板鞋 运动休闲鞋 631041-001 42.5,SNEAKERHEAD官方旗舰店,https://item.jd.com/1497013607.html,//sneakerhead.jd.com,,,1497013607
耐克 Nike Arrowz 黑白 男子潮流休闲跑鞋 902813-002-001 902813-002  灰黑 42.5,长沙道勤运动,https://item.jd.com/11892482350.html,//mall.jd.com/index-44915.html,458.00,,11892482350
耐克NIKE2017新款男鞋休闲鞋运动休闲运动鞋881988-002 881988-002黑+黑+帆白+冷灰+深灰 41,名鞋库运动旗舰店,https://item.jd.com/12534767318.html,//mxk.jd.com,499.00,,12534767318
NIKE KYRIE 3 耐克男鞋欧文3 黑黄 实战运动篮球鞋 852396-901多色 44,威乐运动专营店,https://item.jd.com/12294058924.html,//boles.jd.com,769.00,,12294058924
NIKE耐克男鞋跑鞋 2017春夏新款AIR ZOOM气垫飞线透气轻便跑步鞋863762 831352-001/17夏新款 44,幸运叶子旗舰店,https://item.jd.com/10380183976.html,//xyyz.jd.com,689.00,,10380183976
,,https://item.jd.com/11267214176.html,,,,11267214176
耐克NIKE 男鞋 休闲鞋 MD RUNNER 2 跑步鞋 844864-002 冬春 黑色 42.5,Nike耐克京东自营专区,https://item.jd.com/4058004.html,//mall.jd.com/index-1000001927.html,499.00,JD自营,4058004
耐克女鞋2017春季新款AIR FORCE 1空军一号运动休闲鞋板鞋315115-112 高帮款白色366731-100 36码/5.5,脉动运动专营店,https://item.jd.com/11687299283.html,//maidong.jd.com,599.00,,11687299283
耐克Nike运动鞋男子运动鞋轻便复刻跑步鞋 857935-002 42,西街运动专营店,https://item.jd.com/11546165550.html,//xijie.jd.com,439.00,,11546165550
Nike耐克 2017年春季男子  AIR MAX  运动休闲鞋 844874 844874-013 42,黑石旗舰店,https://item.jd.com/11617258808.html,//shengshi.jd.com,479.00,,11617258808
耐克男鞋 2017夏新款华莱士运动鞋缓震透气休闲跑步鞋819686-005 833147-003/17夏新款 42,幸运叶子旗舰店,https://item.jd.com/11139410739.html,//xyyz.jd.com,649.00,,11139410739
NIKE耐克女鞋 2017夏季Air Max气垫缓震透气轻便运动跑步鞋599409 DF 599409-610 37.5/235,清鸿叶运动专营店,https://item.jd.com/11885192756.html,//qhyyd.jd.com,498.00,,11885192756
NIKE耐克男鞋2017夏季新款FREE赤足网面轻便透气缓震运动跑步鞋831069-001 透气耐磨减震831508-101 42,文石运动专营店,https://item.jd.com/12593645195.html,//wenshiyd.jd.com,829.00,,12593645195
耐克/Nike SOCK DART 袜子男鞋休闲运动鞋 狼灰819686-003 44,威乐运动专营店,https://item.jd.com/11620828158.html,//boles.jd.com,559.00,,11620828158
Nike耐克男鞋2017夏季新款网面透气运动休闲减震耐磨跑步鞋843881-010-011 2017新款843881-010 42,恺琪运动专营店,https://item.jd.com/10479746994.html,//kqsport.jd.com,438.00,,10479746994
Nike耐克女鞋跑步鞋夏季女子运动轻便透气跑步鞋511882-111 511882-818 38/240/7,锦顺运动专营店,https://item.jd.com/11317506310.html,//xinrui.jd.com,399.00,,11317506310
耐克女鞋2017春季新款运动鞋AIR PEGASUS '89 跑步鞋844888-403 气垫复古跑鞋844888-100 36.5-6,热点运动户外专营店,https://item.jd.com/11280209085.html,//converserd.jd.com,489.00,,11280209085
京东配送Nike耐克男鞋运动鞋2017新款透气慢跑鞋耐用防水休闲鞋跑步鞋 黑色876188-001 40.5,兆禧运动户外专营店,https://item.jd.com/11688877330.html,//zxyundong.jd.com,569.00,,11688877330
耐克Nike男鞋跑步鞋 806771-013 806771-001 41,可可豆运动专营店,https://item.jd.com/10782793305.html,//kekedouydhw.jd.com,1059.00,,10782793305
耐克 Nike 女子zoom气垫运动跑步鞋 844633 荧黄/玫红844633-999 36.5,英迅奢侈品专营店,https://item.jd.com/12372772270.html,//mall.jd.com/index-640457.html,699.00,,12372772270
耐克女鞋nike  AIR ZOOM 夏新款黑白奥利奥女子 网面气垫跑步鞋831356 831356-603 35.5,海客体育运动专营店,https://item.jd.com/11007363148.html,//haikeyd.jd.com,618.00,,11007363148
耐克男鞋2017春新款AIR MAX运动气垫减震跑步鞋844836-500 AIR MAX气垫844836-500 42,考利运动专营店,https://item.jd.com/11254651057.html,//mall.jd.com/index-38630.html,509.00,,11254651057
幸运叶子NIKE耐克女鞋 2017春季新款透气运动休闲鞋812655-010 DF 705485-008/17夏季新款 37.5,江苏叶子运动专营店,https://item.jd.com/10848676661.html,//xyyzjs.jd.com,379.00,,10848676661
耐克跑鞋女鞋 2017春夏季新款AIR MAX气垫飞线运动透气减震休闲训练跑步鞋 805942-001 37.5,风驰运动专营店,https://item.jd.com/10432668925.html,//fengchiyundong.jd.com,749.00,,10432668925
Nike耐克 休闲文化鞋男鞋 AIR MAX INVIGOR男子运动文化休闲鞋749680 749688-001 黑/白/灰狼 40.5,宜动旗舰店,https://item.jd.com/10542063192.html,//ydsport.jd.com,489.00,,10542063192
【新品】耐克Nike 经典男子休闲运动跑步鞋 DOWNSHIFTER 7 NIKE_852459_002 40 /250,,https://item.jd.com/1981716784.html,,499.00,,1981716784
耐克/NIKE ROSHE TWO  女鞋 透气轻便 休闲 运动鞋 黑色844931-002 36.5,威乐运动专营店,https://item.jd.com/10991243695.html,//boles.jd.com,,,10991243695
全球购耐克NIKE Flyknit Racer男子夏季休闲运动 飞线轻便透气缓震跑步鞋 彩虹 us8.5/标准42,,https://item.jd.com/1984536618.html,,.00,,1984536618
Nike耐克男鞋AIRZOOM飞马33跑步鞋2016新款时尚休闲运动鞋 透气跑鞋 831352-001 (40码),倍斯利母婴专营店,https://item.jd.com/12456912839.html,//beasley.jd.com,599.00,,12456912839
NIKE耐克女鞋2017春季新款AIR MAX运动气垫轻便舒适跑步鞋844895-002 AIR MAX气垫缓震844895-002 36-5.5,热点体育旗舰店,https://item.jd.com/1077057954.html,//redian.jd.com,495.00,,1077057954
NIKE耐克女鞋2017夏季新款气垫轻便缓震耐磨透气运动休闲跑步鞋 852465-002 852465-600 38.5,智凯运动专营店,https://item.jd.com/11255215745.html,//zksports.jd.com,629.00,,11255215745
Nike耐克女鞋 2016秋季款AIR MAX气垫休闲运动跑步鞋616723-007 DF 红色616723-602 38.5/245,清鸿叶运动专营店,https://item.jd.com/10097647757.html,//qhyyd.jd.com,499.00,,10097647757
Nike耐克男鞋2017春季新款Zoom全掌气垫减震运动休闲跑步鞋878670-001 878670-001 41/260,清鸿叶运动专营店,https://item.jd.com/11373084189.html,//qhyyd.jd.com,899.00,,11373084189
Nike耐克2016新款AIR ZOOM男子气垫缓震运动跑步鞋 806580-001  X 黑灰806580-010 43,极速运动专营店,https://item.jd.com/10105310862.html,//hudong.jd.com,639.00,,10105310862
Nike耐克跑步鞋男鞋登月轻便跑步鞋 849568-700 43,西街运动专营店,https://item.jd.com/11541689748.html,//xijie.jd.com,649.00,,11541689748
耐克跑步鞋新款AIR MAX气垫减震综合训练运动鞋869633-010 Z 869633-010/鞋型偏窄建议选大一码 42,爱淘运动专营店,https://item.jd.com/11793043017.html,//aitao.jd.com,,,11793043017
耐克男鞋 2017春夏新款NIKE LUNARGLIDE 8跑步鞋843725-001 843725-007/16秋季新款 40.5,幸运叶子旗舰店,https://item.jd.com/10534360937.html,//xyyz.jd.com,598.00,,10534360937
耐克 NIKE 女鞋运动鞋 ROSHE RUN ONE DMB 女子红蛇纹运动休闲鞋 807460-600 红色 37.5码/6.5,Nike耐克京东自营专区,https://item.jd.com/4869462.html,//mall.jd.com/index-1000001927.html,698.00,JD自营,4869462
NIKE耐克新品NIKE FLEX 男子赤足网面透气运动跑步鞋898457-001/003 898457-003 41,滔搏体育运动专营店,https://item.jd.com/11780081704.html,//mall.jd.com/index-20208.html,469.00,,11780081704
Nike耐克2016冬款泼墨羊毛男子运动耐磨跑步鞋859553-001 859553-001 41,型尚网运动专营店,https://item.jd.com/11108208604.html,//xingshang.jd.com,499.00,,11108208604
耐克 Nike 男鞋AIR TAVAS气垫透气休闲鞋跑步鞋运动鞋 705149 经典黑白色店长推荐705149-009 42.5,英迅奢侈品专营店,https://item.jd.com/12337941861.html,//mall.jd.com/index-640457.html,539.00,,12337941861
nike耐克女鞋 2017夏季运动鞋女款休闲慢跑鞋跑步鞋 806584 湖蓝/黑/粉蓝 36.5码,卓创运动专营店,https://item.jd.com/10070086426.html,//zhuochuang.jd.com,499.00,,10070086426
耐克女鞋 16新款Air Huarache Run华莱士运动休闲跑步鞋683818 DF 683818-010 37.5,幸运叶子旗舰店,https://item.jd.com/10988673057.html,//xyyz.jd.com,649.00,,10988673057
Nike耐克女鞋2017新款Air Max气垫鞋缓震耐磨运动休闲跑步鞋852465-002 橙色599409-803 37.5码/6.5,乔乐运动专营店,https://item.jd.com/11928746150.html,//qiaoleyundong.jd.com,549.00,,11928746150
耐克女鞋 17春新款AIR ZOOM VOMERO 11气垫跑步鞋818100 818100-405/17新款 38,幸运叶子旗舰店,https://item.jd.com/11442178611.html,//xyyz.jd.com,689.00,,11442178611
耐克NIKE男女休闲鞋NIKE COURT FORCE FRAGMENT 休闲鞋 814913-661 红/白 US8.5码42码,Nike耐克京东自营专区,https://item.jd.com/3719941.html,//mall.jd.com/index-1000001927.html,769.00,JD自营,3719941
Nike耐克 2017年春季女子 AIR HUARACHE 运动休闲鞋 819151 833292-101 37.5,黑石旗舰店,https://item.jd.com/12263901725.html,//shengshi.jd.com,619.00,,12263901725
耐克女鞋2017春季新款ZOOM气垫透气运动鞋跑步鞋831562-001 2017年新款831562-010 36,考利运动专营店,https://item.jd.com/11189367134.html,//mall.jd.com/index-38630.html,679.00,,11189367134
耐克男鞋 2017夏季新款FREE FLYKNIT飞线赤足跑步鞋831069-001 DF 831069-300 42.5,江苏叶子运动专营店,https://item.jd.com/10011039886.html,//xyyzjs.jd.com,499.00,,10011039886
nike耐克女鞋2017夏季款女士air max气垫慢跑鞋经典运动鞋百搭跑步鞋599820 狼灰/队红/荷兰橙/顶峰白 37 .5,卓创运动专营店,https://item.jd.com/1110399820.html,//zhuochuang.jd.com,449.00,,1110399820
NIKE耐克2017年新款男子NIKE FREE RN 2017跑步鞋880839-001 880839-001+黑/白/深灰/煤黑 42,优购运动旗舰店,https://item.jd.com/11712055784.html,//yougouyd.jd.com,899.00,,11712055784
NIKE耐克男鞋2017新款Air Max气垫运动训练缓震耐磨跑步鞋849559-001 2017新款849559-001 42,恺琪运动专营店,https://item.jd.com/11311828977.html,//kqsport.jd.com,1439.00,,11311828977
NIKE AIR MAX 90 ESSENTIAL耐克男子运动鞋 休闲跑步男鞋537384 537384-073 （春季新款） 40,宜动旗舰店,https://item.jd.com/11777520139.html,//ydsport.jd.com,659.00,,11777520139
耐克女鞋2017春夏季运动鞋AF1空军一号低帮休闲板鞋860532-001 WT 366731-100 38.5,考利运动专营店,https://item.jd.com/12176058660.html,//mall.jd.com/index-38630.html,878.00,,12176058660
耐克男鞋 ZOOM TRAIN ACTION气垫运动休闲健身训练鞋跑步鞋852438 CS 852438-006 43,沈斯克运动专营店,https://item.jd.com/12126171179.html,//shensike.jd.com,489.00,,12126171179
NIKE耐克男鞋 新款ZOOM气垫透气轻便运动休闲跑步鞋849564-001 849564-001 42,幸运叶子旗舰店,https://item.jd.com/10888878710.html,//xyyz.jd.com,749.00,,10888878710
耐克Nike男鞋Air Huarache Ultra华莱士跑步休闲鞋819685-002 黑色819685-002 40.5-7.5,热点体育旗舰店,https://item.jd.com/10931215818.html,//redian.jd.com,865.00,,10931215818
耐克男鞋STRUCTURE20缓震气垫跑步鞋2016秋新款运动鞋849576 849581 849576-003 42,法雅体育官方旗舰店,https://item.jd.com/10916982195.html,//mall.jd.com/index-92097.html,749.00,,10916982195
Nike耐克男鞋2017春季新款AIR MAX透气轻便休闲跑步鞋749680-600 AIR MAX气垫减震749680-100 43-9.5,热点运动户外专营店,https://item.jd.com/11400394111.html,//converserd.jd.com,539.00,,11400394111
耐克男鞋 2017夏季新款运动鞋Kaishi网面透气休闲鞋慢跑鞋833411 DF 833411-010 40,幸运叶子旗舰店,https://item.jd.com/10451048672.html,//xyyz.jd.com,429.00,,10451048672
Nike 耐克男鞋 AIR PRESTO ULTRA BR 男子运动休闲鞋 898020 黑/黑/黑 41,,https://item.jd.com/1985014670.html,,1169.00,,1985014670
NIKE耐克女鞋2017春季新款Air Max气垫缓震耐磨运动跑步鞋881109- Air Max气垫缓震881109-101 36,考利运动专营店,https://item.jd.com/11575039034.html,//mall.jd.com/index-38630.html,1159.00,,11575039034
Nike/耐克 Kwazi Action 小椰子 情侣跑鞋男子跑步鞋运动鞋女子跑步鞋 844900-100 白色 36,长沙道勤运动,https://item.jd.com/10607611931.html,//mall.jd.com/index-44915.html,549.00,,10607611931
耐克女鞋zoom气垫NIKE AIR ZOOM VOMERO 12 女子跑步运动鞋 863766-001 36.5,卡飞诺运动专营店,https://item.jd.com/12340715347.html,//mall.jd.com/index-607372.html,729.00,,12340715347
全球购耐克（Nike） Ultra Xt Mesh 男式运动休闲鞋专柜 标准41/US8,,https://item.jd.com/1971102225.html,,1419.00,,1971102225
NIKE耐克 男鞋Air max系列跑步鞋运动鞋跑步819300-403 819300-001深灰+白+黑 40,SKOMART运动旗舰店,https://item.jd.com/11930867645.html,//mxkadidas.jd.com,349.00,,11930867645
耐克Nike新款男鞋休闲鞋运动鞋air max运动休闲 TG 719912-407宝蓝+深黑蓝+钴蓝色 41,名鞋库运动旗舰店,https://item.jd.com/10956296551.html,//mxk.jd.com,549.00,,10956296551
耐克NIKE男鞋运动休闲鞋FREE2017夏季新款运动鞋880839 880843 880843-001 42,法雅体育官方旗舰店,https://item.jd.com/12170500755.html,//mall.jd.com/index-92097.html,699.00,,12170500755
NIKE耐克男鞋2017春季新款运动休闲登月系列飞线运动跑步鞋844591-001 黑色反光银844591-001 43,热点体育旗舰店,https://item.jd.com/11006407773.html,//redian.jd.com,436.00,,11006407773
NIKE耐克 女子休闲鞋 ROSHE TWO运动鞋 844931-100白色35.5码,Nike耐克京东自营专区,https://item.jd.com/4887980.html,//mall.jd.com/index-1000001927.html,,JD自营,4887980
耐克女鞋PEGASUS89运动生活板鞋2017春季新款运动鞋844888-100/403 844888-002 38,法雅体育官方旗舰店,https://item.jd.com/10729131081.html,//mall.jd.com/index-92097.html,,,10729131081
Nike耐克男鞋2017夏季新款运动缓震低帮透气跑步板鞋休闲鞋848187-101 狼灰金属银848187-101 41,热点运动户外专营店,https://item.jd.com/12033715745.html,//converserd.jd.com,598.00,,12033715745
nike耐克 女鞋奥利奥休闲鞋运动鞋运动休闲833666-010 833666-010黑+白 36.5,名鞋库运动专营店,https://item.jd.com/10256765458.html,//mall.jd.com/index-57831.html,399.00,,10256765458
耐克 Air Jordan Fly 89 黑白奥利奥小忍者鞋 男鞋休闲运动鞋 940267-003灰色 41,威乐运动专营店,https://item.jd.com/12377947041.html,//boles.jd.com,499.00,,12377947041
耐克NIKE女鞋运动鞋 AIR PEGASUS 轻质透气跑步鞋831356 17年新款 黑/白831356-001 36码/5.5,乔乐运动专营店,https://item.jd.com/10747474534.html,//qiaoleyundong.jd.com,599.00,,10747474534
Nike耐克女子休闲鞋运动鞋 843387-101 36.5,加百利运动专营店,https://item.jd.com/11258656577.html,//mall.jd.com/index-12721.html,959.00,,11258656577
Nike耐克男鞋 2017新款Air max气垫缓震运动休闲鞋跑步鞋852461-008 805941-001 42.5/270,清鸿叶运动专营店,https://item.jd.com/10974297881.html,//qhyyd.jd.com,698.00,,10974297881
Nike耐克男鞋 2016冬新款耐磨缓震ZOOM气垫运动跑步鞋849581-300 DF 849581-001 42.5/270,清鸿叶运动专营店,https://item.jd.com/10965989657.html,//qhyyd.jd.com,798.00,,10965989657
耐克NIKE男鞋篮球鞋852464-004 852464-104 41,辉动运动专营店,https://item.jd.com/12034397566.html,//huidong.jd.com,579.00,,12034397566
Nike耐克男鞋2017夏季新款低帮复古阿甘轻便透气耐磨跑步休闲鞋807472-011 黑色807472-011 41-8,文石运动专营店,https://item.jd.com/12393668648.html,//wenshiyd.jd.com,,,12393668648
NIKE耐克 男鞋zoom系列跑步鞋减震运动鞋跑步831352-402 831352-001黑+白+冷灰+狼灰 43,SKOMART运动旗舰店,https://item.jd.com/11225262851.html,//mxkadidas.jd.com,,,11225262851
耐克男鞋 2017夏季新款低帮运动鞋air max气垫缓震透气休闲跑步鞋852461 749680-002/17春新款 42/265,幸运叶子旗舰店,https://item.jd.com/1084885067.html,//xyyz.jd.com,,,1084885067
耐克女鞋 新款Nike FREE FLYKNIT赤足飞线轻质透气跑步鞋831070 5折 粉紫831070-600 37.5码/6.5,乔乐运动专营店,https://item.jd.com/10362059540.html,//qiaoleyundong.jd.com,499.00,,10362059540
幸运叶子nike耐克男鞋 2017新款休闲运动复刻板鞋运动休闲鞋882018-001 DF 828041-408/16夏季新款 41,江苏叶子运动专营店,https://item.jd.com/10591919654.html,//xyyzjs.jd.com,,,10591919654
耐克nike男鞋2017夏新款Air Max 90气垫飞线编织运动跑步休闲鞋875943- 875943-100 42,热点运动户外专营店,https://item.jd.com/11566481689.html,//converserd.jd.com,859.00,,11566481689
耐克男鞋 17款INTERNATIONALIST PRM SE轻便运动鞋882018 DF 882018-002 42,幸运叶子旗舰店,https://item.jd.com/11520140850.html,//xyyz.jd.com,489.00,,11520140850
耐克NIKE女鞋2017夏季新款Free 飞线赤足轻便透气运动跑步鞋880844-001 2017新款880844-006 37.5-6.5,恺琪运动专营店,https://item.jd.com/12514968406.html,//kqsport.jd.com,709.00,,12514968406
Nike耐克男鞋跑步鞋 2017春季款AIR RELENTLESS 6跑步鞋T H 876875-600 39/245/6.5,锦顺运动专营店,https://item.jd.com/11339417419.html,//xinrui.jd.com,509.00,,11339417419
全球购耐克（Nike） Air Max Lunar90 Moon 登月纪念款反光运动跑鞋 标准43/US9.5,,https://item.jd.com/1968365238.html,,.00,,1968365238
Nike耐克女鞋 2017春季新款Roshe One黑白复古运动休闲跑步鞋511882 奥利奥黑白 812655-011 35.5,风驰运动专营店,https://item.jd.com/10185651137.html,//fengchiyundong.jd.com,429.00,,10185651137
Nike/耐克 CLASSIC CORTEZ 男 阿甘休闲跑步鞋 532487-403 532487-403 42,三行之运动专营店,https://item.jd.com/11895375771.html,//mall.jd.com/index-34043.html,299.00,,11895375771
耐克NIKE女鞋阿甘低帮透气耐磨运动休闲鞋跑步鞋-828436-401 828436-401 39,岱润霖运动专营店,https://item.jd.com/10778605343.html,//dyl.jd.com,379.00,,10778605343
NIKE耐克女鞋2017新款NIKE FREE RN女子赤足跑步鞋运动鞋女 831070 831070-102 38,宾尔运动专营店,https://item.jd.com/10813550535.html,//mall.jd.com/index-607731.html,599.00,,10813550535
NIKE耐克男鞋休闲鞋ROSHERUN新款运动鞋复古511881-416 511881-010黑+煤黑+帆白 40.5,名鞋库运动旗舰店,https://item.jd.com/12154680050.html,//mxk.jd.com,379.00,,12154680050
耐克 NIKE 女子休闲鞋 NIKE WMNS AIR MAX THEA PRM 运动鞋 616723-008 灰白 US7.5/38.5码,Nike耐克京东自营专区,https://item.jd.com/3573137.html,//mall.jd.com/index-1000001927.html,,JD自营,3573137
耐克男鞋nike 2017年夏季AIR透气减震休闲鞋网面时尚低帮跑步鞋 843881 007 冷灰/荷兰橙-煤黑-白 4 3,卓创运动专营店,https://item.jd.com/1083825070.html,//zhuochuang.jd.com,449.00,,1083825070
Nike夏季耐克男鞋 2017登月飞线休闲鞋运动鞋跑步鞋818097 818097-002黑/白/煤黑 40,乐麦运动专营店,https://item.jd.com/1360801988.html,//lemai.jd.com,699.00,,1360801988
NIKE耐克 男子跑步鞋 ZOOM ALL OUT FLYKNIT 气垫运动鞋 844134-003狼灰色40.5码,Nike耐克京东自营专区,https://item.jd.com/4888690.html,//mall.jd.com/index-1000001927.html,1598.00,JD自营,4888690
耐克 NIKE AIR ZOOM PEGASUS 男款气垫跑步鞋 飞线透气运动鞋 831352-403星星蓝/芒果黄橙 42.5,网亿运动专营店,https://item.jd.com/10826856088.html,//wangyi.jd.com,629.00,,10826856088
耐克男鞋Nike Roshe Run One奥利奥运动休闲透气跑步鞋812654-011 夏款黑色白底812654-011 40,热点体育旗舰店,https://item.jd.com/11316554045.html,//redian.jd.com,516.00,,11316554045
Nike耐克男鞋2017新款AIR ZOOM气垫透气缓震运动鞋跑步鞋863762-001 经典黑831352-001 44,极速运动专营店,https://item.jd.com/10258122287.html,//hudong.jd.com,669.00,,10258122287
NIKE耐克 女鞋zoom系列跑步鞋低帮减震运动鞋跑步849577-003 TG 831562-001黑+白+煤黑 40,名鞋库运动旗舰店,https://item.jd.com/12460358780.html,//mxk.jd.com,499.00,,12460358780
Nike耐克运动鞋男鞋春秋款潮流复古板鞋低帮慢跑鞋休闲鞋828041-201 煤黑深灰828041-201 41,热点体育旗舰店,https://item.jd.com/11034978120.html,//redian.jd.com,,,11034978120
耐克男鞋2017春夏新款Air Max90透气网面运动鞋跑步鞋875943-100 DF 875943-100/17春夏新款 42.5,天马运动专营店,https://item.jd.com/12153526664.html,//xyyzsg.jd.com,899.00,,12153526664
Nike耐克男鞋2017夏新款缓震透气运动鞋板鞋跑步休闲鞋833411-010 DF 833411-010 43/275,清鸿叶运动专营店,https://item.jd.com/10433158974.html,//qhyyd.jd.com,429.00,,10433158974
NIKE耐克 男鞋Air max系列休闲鞋减震运动鞋749688-060 TG 749688-001黑+白+狼灰 41,名鞋库运动旗舰店,https://item.jd.com/10581983447.html,//mxk.jd.com,479.00,,10581983447
Nike耐克男鞋 2017新款AIR ZOOM气垫减震透气运动跑步鞋818099-001 818099-001 44.5,,https://item.jd.com/1986572914.html,,.00,,1986572914
耐克Nike男鞋冬款ROSHE RUN运动休闲鞋跑步鞋844687-002 深灰844687-002 42-8.5,热点体育旗舰店,https://item.jd.com/10791486961.html,//redian.jd.com,,,10791486961
NIKE耐克 男鞋Air max系列休闲鞋减震运动鞋运动休闲537384-0 TK 夏537384-129白+大学红+黑+狼灰 42(建议41码脚穿着),名鞋库运动旗舰店,https://item.jd.com/11826521276.html,//mxk.jd.com,599.00,,11826521276
NIKE耐克男鞋2017夏季新款SOCK DART袜子鞋运动休闲鞋819686-002 819686-002 40-7,热点体育旗舰店,https://item.jd.com/11714937182.html,//redian.jd.com,658.00,,11714937182
耐克女鞋nike 2017春夏新款女子休闲运动舒适轻便网面透气慢跑鞋812655-011 819303-017 36,上下运动专营店,https://item.jd.com/11575891297.html,//shangxia.jd.com,308.00,,11575891297
耐克nike2016新款男鞋轻薄缓震舒适透气跑步鞋运动鞋844591 843725 843725-001 42,法雅体育官方旗舰店,https://item.jd.com/10437264690.html,//mall.jd.com/index-92097.html,679.00,,10437264690
耐克NIKE AIR PEGASUS 83 LTR男子休闲鞋跑步鞋 827922CS HZ 827922-001黑色CS 42.5,瑞动运动专营店,https://item.jd.com/10762057982.html,//mall.jd.com/index-602487.html,419.00,,10762057982
耐克NIKE男鞋 ZOOM 气垫 跑步鞋 运动鞋 831352-403 星星蓝44,Nike耐克京东自营专区,https://item.jd.com/3716234.html,//mall.jd.com/index-1000001927.html,898.00,JD自营,3716234
幸运叶子耐克男鞋 2017夏季新款复古低帮耐磨运动休闲鞋板鞋476716-010 DF 759971-401/新款 44/280,江苏叶子运动专营店,https://item.jd.com/10176199907.html,//xyyzjs.jd.com,298.00,,10176199907
耐克女鞋2017新款Air Jordan 1 AJ1休闲鞋板鞋篮球鞋554725-035 AJ1乔1 灰白554725-112 36.5,热点百货商行专营店,https://item.jd.com/10159162711.html,//mall.jd.com/index-107680.html,891.00,,10159162711
Nike耐克女子跑步鞋运动鞋 831356-602 36,加百利运动专营店,https://item.jd.com/11101768641.html,//mall.jd.com/index-12721.html,719.00,,11101768641
耐克（NIKE）跑步鞋 NIKE AIR ZOOM STRUCTURE 19 男子跑步鞋 806580-300 翠绿/黑 US8.5码42码,Nike耐克京东自营专区,https://item.jd.com/4192160.html,//mall.jd.com/index-1000001927.html,998.00,JD自营,4192160
Nike耐克男鞋2017新款PRESTO FLY透气休闲鞋908019-001 现 908019-001 40,风尚运动专营店,https://item.jd.com/12570683522.html,//fengshangyd.jd.com,499.00,,12570683522
耐克 NIKE 女鞋运动鞋 AIR MAX THEA ULTRA PRM 女子气垫缓震休闲鞋 848279-003 黑武士 36码/5.5,Nike耐克京东自营专区,https://item.jd.com/4869436.html,//mall.jd.com/index-1000001927.html,,JD自营,4869436
耐克 NIKE 女鞋WMNS LUNARSTELOS 轻便透气跑步鞋运动鞋844736-001 黑色 38码/7,Nike耐克京东自营专区,https://item.jd.com/4842922.html,//mall.jd.com/index-1000001927.html,,JD自营,4842922
耐克 NIKE 女鞋运动鞋WMNS NIKE JUVENATE奥利奥配色休闲鞋跑步鞋 724979-101 白色 38码/7,Nike耐克京东自营专区,https://item.jd.com/4869500.html,//mall.jd.com/index-1000001927.html,,JD自营,4869500
NIKE耐克男鞋 LUNAR SKYELUX登月系列跑步跑步鞋运动鞋 855808-001 42,烽火轮运动专营店,https://item.jd.com/12219449131.html,//fenghuolun.jd.com,649.00,,12219449131
Nike耐克 2017年夏季新品女子袜子运动休闲跑步鞋 862412 896446-100-夏季新品 36.5,黑石旗舰店,https://item.jd.com/11679141909.html,//shengshi.jd.com,,,11679141909
耐克男鞋 2017夏季新款AIR FLYKNIT运动休闲鞋飞线袜子跑步鞋898022 DF 898022-004 42.5/270,清鸿叶运动专营店,https://item.jd.com/12264389551.html,//qhyyd.jd.com,749.00,,12264389551
NIKE耐克男鞋2017夏季新款登月网面飞线ZOOM气垫缓震运动跑步鞋898466-001 898466-001 39,金腾运动专营店,https://item.jd.com/12456996429.html,//jintengyd.jd.com,529.00,,12456996429
耐克男鞋 2017夏季新款Air MAX运动鞋气垫缓震透气跑步鞋852461-402 DF 852461-402 43,幸运叶子旗舰店,https://item.jd.com/11258305354.html,//xyyz.jd.com,639.00,,11258305354
NIKE耐克男鞋跑鞋 2017夏季新款运动鞋AIR减震透气休闲慢跑步鞋852461-005 热销爆款399  黑/白奥利奥812654-011 43码/9.5,脉动运动专营店,https://item.jd.com/12080487705.html,//maidong.jd.com,399.00,,12080487705
【京东超市】耐克（NIKE）跑步鞋 NIKE AIR ZOOM VOMERO 11 男子跑步鞋 818099-001 黑/白 US9.5码43码,Nike耐克京东自营专区,https://item.jd.com/3981412.html,//mall.jd.com/index-1000001927.html,,JD自营,3981412
Nike耐克男鞋 2017新款运动复古经典休闲网面运动跑步鞋 网面/黑色812654-011 44,极速运动专营店,https://item.jd.com/11171482397.html,//hudong.jd.com,399.00,,11171482397
耐克男鞋 2017夏季新款Air Max 90时尚休闲运动鞋气垫缓震低帮跑步鞋819475 537384-073/17夏季新款 44,幸运叶子旗舰店,https://item.jd.com/1732217339.html,//xyyz.jd.com,598.00,,1732217339
耐克NIKE 女子休闲鞋 JUVENATE 跑步鞋 运动鞋 724979-407冰川蓝色36.5码,Nike耐克京东自营专区,https://item.jd.com/4104089.html,//mall.jd.com/index-1000001927.html,,JD自营,4104089
NIKE耐克 男子休闲鞋 AIR MAX 90 ESSENTIAL 气垫运动鞋 537384-073冷灰色40.5码,Nike耐克京东自营专区,https://item.jd.com/4887910.html,//mall.jd.com/index-1000001927.html,798.00,JD自营,4887910
Nike耐克女鞋2017夏新款AIR ZOOM气垫减震飞线网面透气跑步鞋831356 831356-001 38,风驰运动专营店,https://item.jd.com/10547686306.html,//fengchiyundong.jd.com,689.00,,10547686306
耐克运动套装Team Sale男子篮球服篮球裤篮球训练套装 703215 703216 紫金套装-545 M,乔乐运动专营店,https://item.jd.com/1453393541.html,//qiaoleyundong.jd.com,249.00,,1453393541
耐克NIKE 2017春季 女子 休闲系列KAISHI 2.0 轻质透气运动休闲女鞋833666-001 36.5码,Nike耐克京东自营专区,https://item.jd.com/3922307.html,//mall.jd.com/index-1000001927.html,,JD自营,3922307
耐克 NIKE 女鞋运动鞋WMNS AIR MAX THEA 气垫缓震休闲鞋跑步鞋 599409-020 黑/白 38码/7,Nike耐克京东自营专区,https://item.jd.com/4086339.html,//mall.jd.com/index-1000001927.html,,JD自营,4086339
耐克男鞋运动鞋Nike Arrowz 2017年夏季男子 休闲鞋跑步鞋 902813 浅灰色902813-001 42码/8.5,乔乐运动专营店,https://item.jd.com/11782347520.html,//qiaoleyundong.jd.com,,,11782347520
耐克 NIKE 男子跑步鞋 NIKE ZOOM SPAN 运动鞋 852437-004 蓝黑 US9码42.5码,Nike耐克京东自营专区,https://item.jd.com/3341997.html,//mall.jd.com/index-1000001927.html,768.00,JD自营,3341997
耐克NIKE 2017春季 女子跑步鞋 REVOLUTION 3 轻质运动缓震网面透气跑步鞋 819303-014 36码,Nike耐克京东自营专区,https://item.jd.com/4550358.html,//mall.jd.com/index-1000001927.html,470.00,JD自营,4550358
耐克（NIKE）休闲鞋 AIR MAX 90 LEATHER 复古鞋/休闲鞋 302519-113 白/白 US10码44码,Nike耐克京东自营专区,https://item.jd.com/3981424.html,//mall.jd.com/index-1000001927.html,,JD自营,3981424
耐克男鞋 2017夏新款运动鞋场上实战耐磨团队训练篮球鞋852464 DF 914479-010 43,幸运叶子旗舰店,https://item.jd.com/1572996406.html,//xyyz.jd.com,,,1572996406
NIKE耐克男鞋2017夏季新款AIR MAX全掌气垫减震飞线网面透气舒适休闲跑步鞋 夜空黑 805941-001 42/265,风驰运动专营店,https://item.jd.com/1445616922.html,//fengchiyundong.jd.com,,,1445616922
耐克NIKE 女鞋 休闲鞋 TANJUN SLIP 跑步鞋 902866-002黑色38码,Nike耐克京东自营专区,https://item.jd.com/4577058.html,//mall.jd.com/index-1000001927.html,,JD自营,4577058
耐克女鞋 2017夏季新款ROSHE RUN ONE运动休闲舒适跑步鞋812655-011 812655-011/17夏新款 36,幸运叶子旗舰店,https://item.jd.com/11268698293.html,//xyyz.jd.com,,,11268698293
耐克nike男裤 2017夏季新款舒适耐磨透气运动裤训练跑步时尚休闲长裤832173 DF 880540-010/2017新款 L,幸运叶子旗舰店,https://item.jd.com/11104577418.html,//xyyz.jd.com,,,11104577418
NIKE耐克2017年新款男子AIR RELENTLESS 6 MSL跑步鞋843881 843881-010 43,滔搏运动官方旗舰店,https://item.jd.com/11804075046.html,//topsports.jd.com,,,11804075046
NIKE耐克 男子休闲鞋 AIR HUARACHE RUN ULTRA 气垫运动鞋 819685-010狼灰色42.5码,Nike耐克京东自营专区,https://item.jd.com/4887886.html,//mall.jd.com/index-1000001927.html,,JD自营,4887886
耐克（NIKE）跑步鞋 DYNAMO FREE (PS) 幼童运动童鞋 343738-505 紫黄 US12C码29.5码,Nike耐克京东自营专区,https://item.jd.com/3341965.html,//mall.jd.com/index-1000001927.html,,JD自营,3341965
耐克（NIKE）休闲鞋 AIR JORDAN 1 RETRO HIGH 男子休闲复古鞋 839115-106 白色 US9.5码43码,Nike耐克京东自营专区,https://item.jd.com/3600867.html,//mall.jd.com/index-1000001927.html,,JD自营,3600867
耐克女鞋2017夏季新款黑武士黑白休闲鞋透气轻便板鞋833666 -010 AIR MAX全掌气垫805942-001 36.5-6,热点运动户外专营店,https://item.jd.com/11451327613.html,//converserd.jd.com,739.00,,11451327613
nike耐克男鞋2017秋季新款网面缓震轻便透气运动慢跑步鞋 898466 819300 819300-001/17夏季新款 41,锐速运动专营店,https://item.jd.com/11629563756.html,//kryd.jd.com,449.00,,11629563756
Nike耐克 2017年春夏男子 AIR MAX 运动跑步鞋 849559 849559-001-夏季新品 43,黑石旗舰店,https://item.jd.com/11276059437.html,//shengshi.jd.com,1159.00,,11276059437
NIKE耐克 男鞋跑步鞋低帮运动鞋跑步833411-010 TG 833411-010黑色+白色 40,名鞋库运动旗舰店,https://item.jd.com/10535727813.html,//mxk.jd.com,429.00,,10535727813
NIKE耐克男鞋2017年春季新款AIR MAX气垫运动系列网面休闲跑步鞋耐克官方旗舰店 805941黑/白/煤黑 40\7,乐麦悦购旗舰店,https://item.jd.com/10956286097.html,//lemaiyuegou.jd.com,729.00,,10956286097
耐克Nike Sock Dart男鞋袜子休闲跑步鞋 819686-005黑色 41,威乐运动专营店,https://item.jd.com/11889638228.html,//boles.jd.com,599.00,,11889638228
NIKE耐克男鞋 2017夏季新款Air Max全掌气垫飞线运动跑步鞋848624-005 878670-001/17夏新款 ZOOM 43/275,幸运叶子旗舰店,https://item.jd.com/10103350729.html,//xyyz.jd.com,,,10103350729
NIKE耐克男鞋跑鞋 2017夏季新款运动鞋AIR减震透气休闲慢跑步鞋852461 852461-005/17夏新款 Air MAX 42.5,幸运叶子旗舰店,https://item.jd.com/1033386759.html,//xyyz.jd.com,656.00,,1033386759
耐克 NIKE 女子休闲鞋NIKE WMNS JUVENATE PRM 女子休闲鞋844973-001 黑/白 US6.5码37.5码,Nike耐克京东自营专区,https://item.jd.com/4295030.html,//mall.jd.com/index-1000001927.html,,JD自营,4295030
耐克男鞋 17春新款Air Vibenna气垫休闲运动透气跑步鞋866069-400 DF 866069-400 44,幸运叶子旗舰店,https://item.jd.com/11260363474.html,//xyyz.jd.com,,,11260363474
耐克男装 2017春季新款WINDRUNNER风行者时尚休闲连帽夹克外套727325 DF 727325-452/17春季新款 M(170/88A),幸运叶子旗舰店,https://item.jd.com/1583276275.html,//xyyz.jd.com,,,1583276275
耐克Nike男鞋春季新款LUNAR SKYELUX登月运动跑步鞋 855808-001 C 855808-001 42.5,爱淘运动专营店,https://item.jd.com/11332810720.html,//aitao.jd.com,,,11332810720
耐克NIKE跑步鞋AIRMAX男鞋全掌气垫鞋TAILWIND8运动鞋805941 805941-001 42.5,宾尔运动专营店,https://item.jd.com/10687140470.html,//mall.jd.com/index-607731.html,,,10687140470
耐克男鞋2017夏季新款AIR PEGASUS '89气垫运动跑步鞋876111-001 黑色876111-001 40,热点体育旗舰店,https://item.jd.com/11680150293.html,//redian.jd.com,,,11680150293
NIKE耐克男鞋2017夏季新款运动轻便缓震跑步鞋848187-101-401 Air Presto黑绿848187-003 41,热点运动户外专营店,https://item.jd.com/12174772838.html,//converserd.jd.com,549.00,,12174772838
Nike耐克2016新款AIR BERWUDA男子运动休闲慢跑鞋 555305-403 555305-403 40,极速运动专营店,https://item.jd.com/10701044436.html,//hudong.jd.com,335.00,,10701044436
耐克女鞋运动鞋Nike Kaishi 2.0 夏季新款轻便透气休闲鞋跑步鞋833666 小白鞋833666-110 36码/5.5,乔乐运动专营店,https://item.jd.com/12514493872.html,//qiaoleyundong.jd.com,369.00,,12514493872
Nike耐克LUNARGLIDE 8男鞋运动跑步鞋 843725-001 843725-007 41,腾吉运动专营店,https://item.jd.com/10653478176.html,//mall.jd.com/index-70112.html,698.00,,10653478176
耐克NIKE 女子运动文化鞋 KAISHI 2.0 PRINT经典轻质休闲鞋 844898-400  黑/鲜红橙39,Nike耐克京东自营专区,https://item.jd.com/4716314.html,//mall.jd.com/index-1000001927.html,,JD自营,4716314
Nike耐克 2017新款 REVOLUTION3 男子跑步鞋运动休闲鞋 透气慢跑 001黑色/灰色（2017新款） 41,贝顺运动旗舰店,https://item.jd.com/11779977412.html,//beishun.jd.com,379.00,,11779977412
耐克（NIKE）休闲鞋 NIKE MARXMAN PRM 小MAG男子休闲鞋 832766-401 灰蓝/ US9.5码43码,Nike耐克京东自营专区,https://item.jd.com/3659323.html,//mall.jd.com/index-1000001927.html,,JD自营,3659323
耐克nike男装 2017春新款针织运动服休闲耐磨保暖夹克外套805145-091 805145-654 M,幸运叶子旗舰店,https://item.jd.com/11243239344.html,//xyyz.jd.com,764.00,,11243239344
NIKE耐克男鞋夏新款运动鞋休闲缓震跑鞋轻便耐磨训练缓震跑步鞋511881-010 511881-010 42.5,卡飞诺运动专营店,https://item.jd.com/12316181865.html,//mall.jd.com/index-607372.html,429.00,,12316181865
全球购耐克（Nike） Solarsoft Run 男士运动跑步鞋专柜 标准42.5/US9,,https://item.jd.com/1970940214.html,,.00,,1970940214
耐克男鞋 2017夏季新款ZOOM气垫运动休闲健身训练跑步鞋852438 DF 852437-002 夏款 网面透气 41,风驰运动专营店,https://item.jd.com/10935153388.html,//fengchiyundong.jd.com,,,10935153388
NIKE耐克男装 2017春夏季新款运动休闲针织防风夹克外套809473-010 809473-010/17春季新款 M,幸运叶子旗舰店,https://item.jd.com/10826717416.html,//xyyz.jd.com,,,10826717416
NIKE耐克男鞋2017春季新款ROSHE ONE运动鞋轻便休闲跑步鞋511881-010 Roshe Run轻便511881-010 41,热点体育旗舰店,https://item.jd.com/11355589906.html,//redian.jd.com,,,11355589906
NIKE 耐克 男子 17春季 ROSHE TWO 休闲鞋 844656-004-401 844656-004 42,杰之行运动专营店,https://item.jd.com/11188245579.html,//jzxyd.jd.com,,,11188245579
耐克女鞋 17夏新款大童ROSHE RUN ONE运动休闲跑步鞋705485-008 DF 705485-008 38.5,幸运叶子旗舰店,https://item.jd.com/10142112547.html,//xyyz.jd.com,,,10142112547
耐克男鞋 2017春季新款AIR MAX透气轻便气垫跑步鞋复刻鞋833260-010 DF 749680-100/17春夏新款 42(265),幸运叶子旗舰店,https://item.jd.com/1746751012.html,//xyyz.jd.com,,,1746751012
耐克Nike新款男鞋休闲鞋运动鞋运动休闲844687-002 TG 511881-010黑+煤黑+帆白 42,名鞋库运动旗舰店,https://item.jd.com/12461972948.html,//mxk.jd.com,,,12461972948
耐克 Nike ROSHE ONE 奥利奥 男款透气运动鞋 休闲跑步鞋 812654-011黑/白 42,网亿运动专营店,https://item.jd.com/12045445134.html,//wangyi.jd.com,399.00,,12045445134
耐克Nike2017新款男鞋休闲鞋运动鞋运动休闲880994-001 880994-100白 42,名鞋库运动专营店,https://item.jd.com/11188100427.html,//mall.jd.com/index-57831.html,,,11188100427
Nike耐克2017新款KAISHI奥利奥女子运动慢跑休闲鞋833666-010 X 粉色844898-602 35.5,极速运动专营店,https://item.jd.com/11277614035.html,//hudong.jd.com,,,11277614035
耐克 NIKE WMNS ROSHE ONE奥利奥色 新款女子 跑步鞋秋冬透气运动鞋 844994-002黑/白 36,网亿运动专营店,https://item.jd.com/10824232606.html,//wangyi.jd.com,,,10824232606
Nike耐克男鞋2017夏季LUNAR 2登月飞线透气运动跑步鞋818097-700 DF 818097-002 40/250,清鸿叶运动专营店,https://item.jd.com/10626788022.html,//qhyyd.jd.com,,,10626788022
耐克nike男子2017夏季新款AIR MAX休闲缓震透气运动跑步鞋812654-011 17夏款Roshe run 812654-011 44-10,文石运动专营店,https://item.jd.com/1706113514.html,//wenshiyd.jd.com,478.00,,1706113514
NIKE耐克男鞋 AIR RELENTLESS 跑步鞋2017款缓震跑步鞋 黑/白-001 42,OK高尔夫,https://item.jd.com/1539091095.html,//okgolf.jd.com,599.00,,1539091095
Nike耐克男鞋  818726运动鞋男夏季 跑步鞋 耐克男鞋 白色100 8.5=42码,有球必应高尔夫,https://item.jd.com/10127131006.html,//yqbygolf.jd.com,660.00,,10127131006
耐克Nike板鞋男2017春季新款AF1空军一号复古运动耐磨休闲鞋845052-100 17新款空军一号845052-100 43,文石运动专营店,https://item.jd.com/1705450177.html,//wenshiyd.jd.com,689.00,,1705450177
耐克男鞋 2017夏季新款运动休闲鞋缓震透气轻便低帮跑步鞋844838 DF 844656-004/17新款 ROSHE 43,幸运叶子旗舰店,https://item.jd.com/1032190092.html,//xyyz.jd.com,479.00,,1032190092
NIKE耐克男鞋跑鞋 2017夏季新款全掌气垫运动休闲鞋缓震透气跑步鞋849559-001 849559-001/17夏季新款 41/260,幸运叶子旗舰店,https://item.jd.com/1392172954.html,//xyyz.jd.com,1159.00,,1392172954
Nike耐克男鞋2017夏季新款减震轻便舒适透气跑步鞋网面运动鞋876899-001 DF 898466-001/ZOOM气垫 44/280,清鸿叶运动专营店,https://item.jd.com/10068445527.html,//qhyyd.jd.com,579.00,,10068445527
耐克男鞋2017夏新款Air Force AF1空军一号运动休闲低帮板鞋315122 DF 894531-300/17新款 42,幸运叶子旗舰店,https://item.jd.com/1401336895.html,//xyyz.jd.com,829.00,,1401336895
NIKE耐克 2017夏季新款男子帆布鞋低帮运动滑板休闲鞋902810-001 902810-001 39,奥龙世博旗舰店,https://item.jd.com/11768368257.html,//mall.jd.com/index-598104.html,,,11768368257
nike耐克 男鞋Air max系列跑步鞋运动鞋跑步819300-003 819300-001深灰+白+黑 40,名鞋库运动专营店,https://item.jd.com/10117416290.html,//mall.jd.com/index-57831.html,,,10117416290
耐克男鞋跑鞋2017新款FREE RN赤足飞线透气运动跑步鞋831069-001 FREE飞线赤足831069-001 40.5,热点体育旗舰店,https://item.jd.com/10311641537.html,//redian.jd.com,,,10311641537
美国正品Nike/耐克FREE RN 2017男子轻质运动跑步鞋 880839-002 7,,https://item.jd.com/1983676945.html,,.00,,1983676945
耐克Nike Paul George PG1保罗乔治1 2K象牙白篮球鞋男运动鞋 878628-110白色 44,威乐运动专营店,https://item.jd.com/12207018775.html,//boles.jd.com,,,12207018775
NIKE耐克男鞋 2017夏季新款空军一号轻便耐磨休闲板鞋845052-001 DF 845052-001 39/245,清鸿叶运动专营店,https://item.jd.com/12588093531.html,//qhyyd.jd.com,,,12588093531
耐克Nike女子跑步鞋Nike Air Zoom Structure 19 女子跑步鞋 806584-007 灰/黑 US6码36.5码,Nike耐克京东自营专区,https://item.jd.com/3702711.html,//mall.jd.com/index-1000001927.html,,JD自营,3702711
耐克/Nike Air Huarache Ultra 黑白华莱士女款休闲鞋 黑色819151-008 37.5,威乐运动专营店,https://item.jd.com/11281659650.html,//boles.jd.com,,,11281659650
耐克女鞋2017春季新款AIR FORCE 1空军一号运动休闲鞋板鞋315115-112 低帮款白色315115-112 37.5码/6.5,乔乐运动专营店,https://item.jd.com/11645296391.html,//qiaoleyundong.jd.com,699.00,,11645296391
耐克NIKE 男鞋 休闲鞋 阿甘复刻 Air Pegasus '83 气垫 跑步鞋 827921-100顶峰白色43码,Nike耐克京东自营专区,https://item.jd.com/3940773.html,//mall.jd.com/index-1000001927.html,,JD自营,3940773
NIKE耐克2017夏季新款男子缓震透气训练运动跑步鞋898466-001 898466-001 40,智凯运动专营店,https://item.jd.com/12457084704.html,//zksports.jd.com,509.00,,12457084704
耐克NIKE男子2017夏季新款AIR ZOOM气垫飞线缓震运动跑步鞋880843-001 AIR ZOOM跑鞋831561-001热销款 42-8.5,文石运动专营店,https://item.jd.com/10123108857.html,//wenshiyd.jd.com,669.00,,10123108857
耐克男鞋运动鞋Nike新款轻质透气男子跑步鞋852457-001 833260-010 断码特价299 相片蓝819300-402 43码/9.5,脉动运动专营店,https://item.jd.com/10122257782.html,//maidong.jd.com,299.00,,10122257782
NIKE耐克女装 2017夏新款运动休闲舒适圆领短袖透气T恤846469-063 DF 846469-100 L(165/88A),幸运叶子旗舰店,https://item.jd.com/1107427366.html,//xyyz.jd.com,169.00,,1107427366
NIKE耐克男鞋2017夏季新款AIR MAX全掌气垫缓震透气休闲跑步鞋849559 DF 849559-001/17夏新款 41,幸运叶子旗舰店,https://item.jd.com/11266505361.html,//xyyz.jd.com,,,11266505361
NIKE 耐克男鞋跑鞋 2017夏季新款运动鞋飞线轻便透气慢跑鞋跑步鞋898457 DF 898457-001/17夏季新款 42/265,幸运叶子旗舰店,https://item.jd.com/1316770480.html,//xyyz.jd.com,529.00,,1316770480
耐克（NIKE）跑步鞋 WMNS AIR ZOOM ODYSSEY 女子运动跑步鞋 749339-001 黑色 US6.5码37.5码,Nike耐克京东自营专区,https://item.jd.com/3598505.html,//mall.jd.com/index-1000001927.html,,JD自营,3598505
Nike耐克2017年春季男子运动跑步鞋 843725 843725-001-17夏季 43,黑石旗舰店,https://item.jd.com/10439574321.html,//shengshi.jd.com,669.00,,10439574321
Nike耐克男鞋2017新款网面透气运动鞋休闲跑步鞋 819300-003 X 碳素灰/荧光黄819300-013 42,极速运动专营店,https://item.jd.com/11264146395.html,//hudong.jd.com,,,11264146395
耐克NIKE女鞋 ZOOM 气垫 跑步鞋 运动鞋 818100-500 深灰紫36,Nike耐克京东自营专区,https://item.jd.com/3347141.html,//mall.jd.com/index-1000001927.html,,JD自营,3347141
【京东超市】耐克（NIKE）跑步鞋 DYNAMO FREE 婴童运动童鞋 343938-618 大学红/金属金 US7C码23.5码,Nike耐克京东自营专区,https://item.jd.com/3195176.html,//mall.jd.com/index-1000001927.html,,JD自营,3195176
耐克女鞋 2017夏季新款Air MAX气垫运动网面透气跑步鞋833662-011 DF 833662-011 MAX 37.5/235,清鸿叶运动专营店,https://item.jd.com/10954116815.html,//qhyyd.jd.com,,,10954116815
耐克男鞋 2017夏季新款运动鞋休闲耐磨缓震跑步鞋慢跑鞋848187-401 DF 819686-005 42.5,幸运叶子旗舰店,https://item.jd.com/11279054344.html,//xyyz.jd.com,649.00,,11279054344
NIKE耐克男鞋2017夏季新款运动鞋透气轻便减震网面跑步鞋898457-001 DF 833411-010 42,清鸿叶运动专营店,https://item.jd.com/10919720441.html,//qhyyd.jd.com,,,10919720441
耐克NIKEAir Huarache Run华莱士运动休闲鞋跑步鞋819151 819151-001 42,宾尔运动专营店,https://item.jd.com/10941438469.html,//mall.jd.com/index-607731.html,,,10941438469
耐克NIKE女鞋2017春夏新款运动鞋休闲轻便跑步鞋902866-002 844994 黑色511880-006 37.5,君悦运动专营店,https://item.jd.com/11460610202.html,//junyueyd.jd.com,,,11460610202
耐克 NIKE AIR RELENTLESS 2016新款女子运动轻质透气缓震跑步鞋 843883-600粉色/白 37.5,翔羽运动专营店,https://item.jd.com/10911656446.html,//mall.jd.com/index-135251.html,,,10911656446
耐克男鞋 Nike Roshe Two男子黑白轻便缓震运动休闲跑步鞋844656003 黑/煤黑/帆白844656003 42,胜道运动旗舰店,https://item.jd.com/12101089312.html,//shengdaoyd.jd.com,,,12101089312
耐克男童女童 2017新款大童运动鞋Air Max气垫减震跑步鞋869993-001 DF 869993-001 5Y/37.5码/23.5cm,幸运叶子旗舰店,https://item.jd.com/11400594177.html,//xyyz.jd.com,,,11400594177
Nike耐克男鞋 2017新款 NIKE AIR ZOOM男子气垫跑步鞋运动鞋849576 849576-004 40.5,宾尔运动专营店,https://item.jd.com/11836548613.html,//mall.jd.com/index-607731.html,,,11836548613
耐克（NIKE）休闲鞋 WMNS ROSHE ONE FLYKNIT 女子休闲复古鞋 704927-010 黑色 US7码38码,Nike耐克京东自营专区,https://item.jd.com/4029102.html,//mall.jd.com/index-1000001927.html,,JD自营,4029102
Nike耐克女鞋休闲鞋 2017夏季新款阿甘复刻鞋运动鞋低帮板鞋847126-006 DF 847126-102 38,茵特运动户外专营店,https://item.jd.com/12099525107.html,//mall.jd.com/index-662405.html,,,12099525107
Nike耐克男鞋2017夏季新款运动休闲鞋低帮耐磨透气防滑板鞋902810-001 858653-002 44.5/285,清鸿叶运动专营店,https://item.jd.com/1620577536.html,//qhyyd.jd.com,459.00,,1620577536
NIKE耐克2017年新款男子NIKE FREE RN 2017跑步鞋880839-001 880839-001+黑色 42,滔搏运动官方旗舰店,https://item.jd.com/11729818735.html,//topsports.jd.com,799.00,,11729818735
Nike耐克 男鞋 2017新款SOCK DART袜子鞋运动休闲鞋 819686-002 819686-002 40,五新运动专营店,https://item.jd.com/11597278126.html,//wuxin.jd.com,638.00,,11597278126
幸运叶子耐克男鞋2017春新款air Force 空军一号运动休闲鞋板鞋488298 845052-001 42.5/270,江苏叶子运动专营店,https://item.jd.com/1222946083.html,//xyyzjs.jd.com,639.00,,1222946083
耐克跑步鞋男2017夏季新款Kaishi 2.0透气舒适运动休闲鞋慢跑步鞋844838-0 844838-005黑/白 40,卓创运动专营店,https://item.jd.com/12334044638.html,//zhuochuang.jd.com,499.00,,12334044638
幸运叶子耐克男鞋 2017春新款KAISHI低帮网面透气复刻休闲跑步鞋876875 DF 876875-001/17春新款 42/265,江苏叶子运动专营店,https://item.jd.com/11265997397.html,//xyyzjs.jd.com,449.00,,11265997397
Nike 耐克 女子 2017春夏 AIR ZOOM 运动跑步鞋 849577 849577-501 36,黑石旗舰店,https://item.jd.com/10747253272.html,//shengshi.jd.com,598.00,,10747253272
耐克Nike Air Max Tailwind 8女子全掌气垫缓冲保护跑步鞋805942 夏季新款粉/白805942-604 37.5码/6.5,乔乐运动专营店,https://item.jd.com/11770301667.html,//qiaoleyundong.jd.com,,,11770301667
Nike Cortez Basic Nylon 耐克男子休闲板鞋 阿甘鞋经典款 819720-011 42,,https://item.jd.com/1956207160.html,,.00,,1956207160
Nike 耐克2017夏季女子AIR MAX THEA 气垫跑步鞋 599409-104 599409-020 36.5,黑石旗舰店,https://item.jd.com/10745089867.html,//shengshi.jd.com,469.00,,10745089867
耐克 Nike 2016夏款男鞋 慢跑鞋休闲运动鞋减震网面透气跑步鞋 819300-001深灰/白 43,翔羽运动专营店,https://item.jd.com/10325641771.html,//mall.jd.com/index-135251.html,,,10325641771
耐克NIKE男鞋新款LUNARGLIDE 8登月运动耐磨缓震跑步鞋 843725ZG 843725-001cs 42,瑞动运动专营店,https://item.jd.com/10746075835.html,//mall.jd.com/index-602487.html,726.00,,10746075835
耐克NIKE男鞋2017春夏季网面透气登月飞线运动鞋防滑耐磨跑步鞋818097 818097-002 42,宾尔运动专营店,https://item.jd.com/10808045305.html,//mall.jd.com/index-607731.html,568.00,,10808045305
NIKE耐克板鞋男鞋2017夏季新款帆布鞋低帮运动滑板休闲鞋902810-001-400 夏季新款902810-001黑白经典配色 42,热点运动户外专营店,https://item.jd.com/11619244071.html,//converserd.jd.com,376.00,,11619244071
耐克NIKE ROSHE ONE HYP BR女子跑步鞋833826-800 833928 833928-101 37.5,久华运动专营店,https://item.jd.com/12113160430.html,//mall.jd.com/index-24422.html,399.00,,12113160430
Nike耐克男鞋 2017新款 经典升级 KAISHI 2.0 运动文化休闲鞋812654 833411-010 黑色 （2017新款） 39,宜动旗舰店,https://item.jd.com/10695944090.html,//ydsport.jd.com,469.00,,10695944090
NIKE耐克2017年新款男子NIKE AIR MAX 2017跑步鞋849559-402 849559-001+黑/白/煤黑 40,滔搏运动官方旗舰店,https://item.jd.com/11454981137.html,//topsports.jd.com,1529.00,,11454981137
耐克男鞋 2017夏新款运动鞋Mayfly Woven潮流编织透气休闲鞋833132 DF 833132-004 42.5,幸运叶子旗舰店,https://item.jd.com/12480010410.html,//xyyz.jd.com,619.00,,12480010410
耐克（NIKE）休闲鞋 AIR MAX THEA 女子休闲复古鞋 833887-100 白色 US8码39码,Nike耐克京东自营专区,https://item.jd.com/3598229.html,//mall.jd.com/index-1000001927.html,799.00,JD自营,3598229
耐克NIKE2016新款男鞋休闲鞋运动休闲运动鞋817419-006 817419-005黑+黑+金属金黄+白 44,微能量运动旗舰店,https://item.jd.com/12434463696.html,//weinengliangyd.jd.com,799.00,,12434463696
耐克NIKE 儿童跑步系列NIKE DYNAMO FREE (PS) 跑步鞋 343738-006 33.5码,京东自营国际运动精品专区,https://item.jd.com/3521149.html,//mall.jd.com/index-1000005792.html,299.00,JD自营,3521149
耐克nike男鞋2017夏季新款轻便缓震气垫透气运动休闲跑步鞋844874-007 17新款Air MAX 844874-007 41-8,文石运动专营店,https://item.jd.com/10111203603.html,//wenshiyd.jd.com,527.00,,10111203603
耐克NIKE 男鞋透气网面运动鞋跑鞋轻便减震舒适休闲鞋 TANJUN 跑步鞋 812654 热销469 黑/白833260-010 42码/8.5,脉动运动专营店,https://item.jd.com/10262640568.html,//maidong.jd.com,469.00,,10262640568
耐克（NIKE）休闲鞋 WMNS AIR MAX 90 ESSENTIAL 女子复古休闲鞋 616730-023 黑/白 US6.5码37.5码,Nike耐克京东自营专区,https://item.jd.com/3535167.html,//mall.jd.com/index-1000001927.html,798.00,JD自营,3535167
耐克男鞋2017春季新款运动鞋休闲透气轻便耐磨训练缓震跑步鞋844591-001 2017新款热卖898457-001 43,恺琪运动专营店,https://item.jd.com/10343172878.html,//kqsport.jd.com,478.00,,10343172878
耐克NIKE 女子跑步鞋 WMNS NIKE LUNARGLIDE 8 运动鞋 843726,Nike耐克京东自营专区,https://item.jd.com/4248472.html,//mall.jd.com/index-1000001927.html,968.00,JD自营,4248472
,,https://item.jd.com/10808351240.html,,,,10808351240
耐克NIKE 女鞋 休闲鞋 KAISHI 2.0 跑步鞋 833666-010黑色39码,Nike耐克京东自营专区,https://item.jd.com/3283618.html,//mall.jd.com/index-1000001927.html,548.00,JD自营,3283618
【京东超市】耐克（NIKE）休闲鞋 AIR MAX TAVAS 男子休闲复古鞋 705149-009 黑色 US8.5码42码,Nike耐克京东自营专区,https://item.jd.com/4029072.html,//mall.jd.com/index-1000001927.html,599.00,JD自营,4029072
耐克男鞋2017春新款Zoom KOBE曼巴3代低帮战靴实战篮球鞋884445-006 884445-006/17春新款 43,幸运叶子旗舰店,https://item.jd.com/10528742852.html,//xyyz.jd.com,529.00,,10528742852
耐克（NIKE）休闲鞋 COURT ROYALE 男子休闲复古鞋 749747-111 白色 US9码42.5码,Nike耐克京东自营专区,https://item.jd.com/3598517.html,//mall.jd.com/index-1000001927.html,498.00,JD自营,3598517
耐克NIKE男子休闲鞋 NIKE ROSHE ONE休闲鞋511881-407 蓝/白 US9.5码43码,Nike耐克京东自营专区,https://item.jd.com/3776219.html,//mall.jd.com/index-1000001927.html,498.00,JD自营,3776219
耐克NIKE男鞋2017夏季新款运动鞋休闲复刻鞋轻便耐磨跑步鞋880839-001 Air Presto红黑配色848187-006 41,热点运动户外专营店,https://item.jd.com/12032710247.html,//converserd.jd.com,486.00,,12032710247
耐克男鞋NIKE 17年新款Roshe One 运动鞋跑步鞋 时尚休闲潮鞋511881 Roshe One黑白511881-010 42码/8.5,乔乐运动专营店,https://item.jd.com/10571016976.html,//qiaoleyundong.jd.com,429.00,,10571016976
NIKE耐克女鞋KWAZI休闲鞋简版回到未来奥利奥运动板鞋844900-001 黑白奥利奥 844900-001简版回到未来 37.5-6.5,联合尚品运动专营店,https://item.jd.com/10782761480.html,//mall.jd.com/index-22911.html,499.00,,10782761480
Nike耐克女鞋2017春季新款运动休闲减震耐磨跑步鞋运动鞋599409-020-103 黑色599409-020 38,热点体育旗舰店,https://item.jd.com/10467493529.html,//redian.jd.com,516.00,,10467493529
NIKE耐克男鞋跑步鞋2017春夏新款AIR MAX休闲缓震运动鞋833260-010 2017夏季新款898457-001网面透气 42,热点体育旗舰店,https://item.jd.com/10431435827.html,//redian.jd.com,456.00,,10431435827
耐克男鞋2017春新款ROSHE ONE运动鞋休闲透气跑步鞋511881-010 2017年热卖款812654-011 41,考利运动专营店,https://item.jd.com/11189367766.html,//mall.jd.com/index-38630.html,449.00,,11189367766
耐克NIKE 女子跑步鞋 WMNS NIKE AIR ZOOM PEGASUS 33 运动鞋 831356-001 黑/白 US6.5码37.5码,Nike耐克京东自营专区,https://item.jd.com/3776393.html,//mall.jd.com/index-1000001927.html,,JD自营,3776393
耐克（NIKE）跑步鞋 AIR MAX 男子减震复古运动鞋 802611-001 黑/白 US10码44码,Nike耐克京东自营专区,https://item.jd.com/2608449.html,//mall.jd.com/index-1000001927.html,,JD自营,2608449
耐克NIKE 男鞋 休闲鞋 AIR MAX MODERN ESSENTIAL 气垫 跑步鞋 844874-001黑色41码,Nike耐克京东自营专区,https://item.jd.com/4577076.html,//mall.jd.com/index-1000001927.html,,JD自营,4577076
NIKE耐克 男子休闲鞋 SOCK DART KJCRD 袜子鞋 运动鞋 819686-005黑色41码,Nike耐克京东自营专区,https://item.jd.com/4095311.html,//mall.jd.com/index-1000001927.html,,JD自营,4095311
耐克Nike男鞋NTERNATIONALIST 复古华夫复刻休闲鞋跑步鞋 828041 经典黑白色828041-001 42,英迅奢侈品专营店,https://item.jd.com/12334737457.html,//mall.jd.com/index-640457.html,,,12334737457
Nike耐克男鞋2017夏新款气垫复古运动鞋休闲跑步鞋749680-002 DF 749680-100 43/275,清鸿叶运动专营店,https://item.jd.com/10473238157.html,//qhyyd.jd.com,524.00,,10473238157
耐克男鞋nike Air Max 2017夏新款网面男子气垫休闲跑步鞋705149-024 833260-010 41,海客体育运动专营店,https://item.jd.com/11267215674.html,//haikeyd.jd.com,498.00,,11267215674
NIKE耐克2017年新款男子 AIR MAX SEQUENT 2跑步鞋 852461-005+黑/白/深灰/狼灰/荧光黄 41,滔搏运动官方旗舰店,https://item.jd.com/11263994050.html,//topsports.jd.com,629.00,,11263994050
NIKE耐克2017年春款男鞋休闲鞋低帮ROSHE运动鞋跑步鞋耐克官方旗舰店-乐 833411-010/(尺码偏小请拍大一码） 8.5/42,晨墨运动专营店,https://item.jd.com/10225073406.html,//chenmo.jd.com,459.00,,10225073406
耐克NIKE 男鞋 休闲鞋 KAISHI 2.0 跑步鞋 833411-010黑色42.5码,Nike耐克京东自营专区,https://item.jd.com/2852678.html,//mall.jd.com/index-1000001927.html,499.00,JD自营,2852678
耐克男鞋2017夏季新款网面透气轻便健身运动鞋休闲训练缓震跑步鞋898466-001 898466-001 ZOOM网面透气- 42,风驰运动专营店,https://item.jd.com/10001386313.html,//fengchiyundong.jd.com,579.00,,10001386313
耐克NIKE男鞋跑步鞋2017春夏季新款透气轻便缓震运动鞋网面休闲鞋819300-001 夏款网面透气833411-010经典黑白 42,热点体育旗舰店,https://item.jd.com/1070604218.html,//redian.jd.com,396.00,,1070604218
耐克男鞋2017运动鞋Free 5.0赤足飞线跑鞋透气减震轻便跑步鞋831069-001 831508-001(鞋身窄请拍大一码） 40,煜茂母婴专营店,https://item.jd.com/12162516705.html,//mall.jd.com/index-656547.html,,,12162516705
NIKE耐克男鞋休闲鞋低帮运动鞋运动休闲812654-311 TG TK 812654-011黑+白 42.5,名鞋库运动旗舰店,https://item.jd.com/12037276425.html,//mxk.jd.com,,,12037276425
耐克男鞋 2017春季新款透气轻便气垫AIR运动鞋休闲训练缓震跑步鞋耐克官方旗舰店-MT 831352-001/air zoom气垫鞋 9.5/43,晨墨运动专营店,https://item.jd.com/11932020423.html,//chenmo.jd.com,698.00,,11932020423
耐克SUNRAY PROTECT (PS) (TD) 儿童凉鞋男童女童休闲鞋 903633 幼小童903632-002 10C/27码/脚长16cm,脉动运动专营店,https://item.jd.com/12319320242.html,//maidong.jd.com,269.00,,12319320242
耐克NIKE 2016春 女子运动生活系列W AIR MAX 1 ULTRA ESSENTIALS 跑步鞋 38.5码 704993501,京东自营国际运动精品专区,https://item.jd.com/3480159.html,//mall.jd.com/index-1000005792.html,898.00,JD自营,3480159
NIKE耐克男鞋 2017夏新款透气网面运动鞋跑鞋轻便减震舒适休闲跑步鞋812654 DF 812654-011/2017新款 41/260,幸运叶子旗舰店,https://item.jd.com/1029594753.html,//xyyz.jd.com,419.00,,1029594753
Nike Sock Dart BR Shoe耐克袜子女鞋运动鞋 896446-001黑色 36.5,威乐运动专营店,https://item.jd.com/11890200324.html,//boles.jd.com,559.00,,11890200324
耐克NIKE男跑步鞋2017春季新款AIRMAXMOTION运动鞋833260-010 833260-010 43,法雅体育官方旗舰店,https://item.jd.com/10174774575.html,//mall.jd.com/index-92097.html,449.00,,10174774575
耐克NIKE女鞋2017新款AIR FORCE 1空军一号运动休闲鞋耐磨板鞋366731- AF1纯白空军一号315115-112 38,文石运动专营店,https://item.jd.com/10890786293.html,//wenshiyd.jd.com,769.00,,10890786293
耐克（NIKE）跑步鞋 NIKE LUNARGLIDE 7 男子跑步鞋 747355-405 相片蓝/黑 US11码45码,Nike耐克京东自营专区,https://item.jd.com/3719997.html,//mall.jd.com/index-1000001927.html,899.00,JD自营,3719997
Nike耐克男鞋2017夏新款低帮复刻板鞋运动鞋时尚休闲透气跑步鞋812654-011 812654-011 43/275,清鸿叶运动专营店,https://item.jd.com/11138527988.html,//qhyyd.jd.com,419.00,,11138527988
Nike耐克 2017年春夏男子黑白奥利奥休闲运动跑步鞋 880841 812654-011 42,黑石旗舰店,https://item.jd.com/10711147459.html,//shengshi.jd.com,349.00,,10711147459
耐克Nike女子休闲鞋 Nike Air Max Invigor BR 运动鞋 833658-111 白色 US6码36.5码,Nike耐克京东自营专区,https://item.jd.com/3648161.html,//mall.jd.com/index-1000001927.html,698.00,JD自营,3648161
耐克男鞋 2017春新款AIR MAX MOTION LW复刻缓震跑步鞋749680 DF 白色833260-110/16夏新款 41,幸运叶子旗舰店,https://item.jd.com/10216591787.html,//xyyz.jd.com,489.00,,10216591787
耐克nike女鞋新款Kaishi 2.0运动休闲耐磨跑步鞋833667-003 36.5,Nike耐克京东自营专区,https://item.jd.com/4294540.html,//mall.jd.com/index-1000001927.html,548.00,JD自营,4294540
耐克NIKE 2016男子跑步鞋 NIKE AIR ZOOM PEGASUS 749340 赛车蓝/黑/荧光黄/黄绿407/42,Nike耐克京东自营专区,https://item.jd.com/2789944.html,//mall.jd.com/index-1000001927.html,,JD自营,2789944
Nike耐克男鞋2017夏季新款减震轻便舒适透气跑步鞋网面运动鞋876899-001 DF 876899-001 41/260,清鸿叶运动专营店,https://item.jd.com/10068444371.html,//qhyyd.jd.com,429.00,,10068444371
Nike耐克 2017年夏季女子经典系列运动休闲鞋 896277-100-800-400 896277-800 38,博飞运动专营店,https://item.jd.com/12375673931.html,//mall.jd.com/index-649487.html,899.00,,12375673931
耐克男鞋 2017春新款AIR ZOOM气垫运动鞋透气缓震舒适低帮跑步鞋898466 DF 898466-001/17夏季新款 店长推荐 42,天马运动专营店,https://item.jd.com/10409139312.html,//xyyzsg.jd.com,579.00,,10409139312
Nike耐克男子跑步鞋运动鞋 819004-001 SP 42,加百利运动专营店,https://item.jd.com/11260431371.html,//mall.jd.com/index-12721.html,566.00,,11260431371
耐克男鞋 2017夏季新款ZOOM气垫EVIDENCE场上实战篮球鞋852464 DF 852464-100 43,幸运叶子旗舰店,https://item.jd.com/10861225873.html,//xyyz.jd.com,,,10861225873
耐克男鞋 2017春夏新款运动鞋 轻便透气舒适健身训练休闲鞋跑鞋833411 833411-010 KAISHI 2.0 42.5,风驰运动专营店,https://item.jd.com/10552133181.html,//fengchiyundong.jd.com,429.00,,10552133181
Nike耐克男鞋 2017款 REVOLUTION3 男子跑步鞋休闲鞋 819300 001深灰/白/黑 39,宜动旗舰店,https://item.jd.com/10221267403.html,//ydsport.jd.com,389.00,,10221267403
耐克NIKE 女子休闲鞋 NIKE W AIR MAX THEA ULTRA SE 气垫轻质透气休闲鞋881118-001 黑 US7码38码,Nike耐克京东自营专区,https://item.jd.com/3846979.html,//mall.jd.com/index-1000001927.html,,JD自营,3846979
NIKE耐克男鞋 2017夏新款透气舒适运动鞋跑鞋舒适休闲跑步鞋 专用袜子 黑色 8.5=42,三木兰运动户外专营店,https://item.jd.com/12631915421.html,//smlhw.jd.com,,,12631915421
耐克女鞋Nike16秋Roshe Run One黑银奥利奥运动跑步女鞋599728-021 黑色599728-021 39,皓洋潮汇运动专营店,https://item.jd.com/10498700851.html,//haoyang.jd.com,,,10498700851
NIKE耐克男鞋 2017夏新款 运动鞋跑鞋 舒适休闲跑步鞋 专用袜子 黑色 8.5=42,三木兰运动专营店,https://item.jd.com/12553993968.html,//smlyd.jd.com,,,12553993968
耐克女鞋 2017夏季新款ROSHE RUN ONE运动休闲舒适跑步鞋812655-011 833666-110/17夏季新款 37.5,幸运叶子旗舰店,https://item.jd.com/11235928910.html,//xyyz.jd.com,,,11235928910
耐克（NIKE）篮球鞋 NIKE ZOOM KD 9 EP 男子运动篮球鞋 844382-010 黑色 US9.5码43码,Nike耐克京东自营专区,https://item.jd.com/3600823.html,//mall.jd.com/index-1000001927.html,,JD自营,3600823
Nike耐克男鞋跑步鞋2017夏季新款free赤足飞线透气网面运动鞋898457-001 812654-011夏款黑白奥利奥透气 43-9.5,联合尚品运动专营店,https://item.jd.com/10537735531.html,//mall.jd.com/index-22911.html,449.00,,10537735531
Nike耐克男鞋新款赤足FREE5.0奥利奥缓震透气运动跑步鞋831508 831508-001 41,宾尔运动专营店,https://item.jd.com/10740530941.html,//mall.jd.com/index-607731.html,599.00,,10740530941
耐克NIKE 女子跑步鞋 NIKE WMNS FREE RN FLYKNIT 飞线轻质透气跑步鞋831070-101 白/黑/灰 US8.5码40码,Nike耐克京东自营专区,https://item.jd.com/4390584.html,//mall.jd.com/index-1000001927.html,998.00,JD自营,4390584
耐克NIKE 女子休闲鞋 SOCK DART BR 袜子鞋 运动鞋 896446-100白色36.5码,Nike耐克京东自营专区,https://item.jd.com/4906196.html,//mall.jd.com/index-1000001927.html,699.00,JD自营,4906196
Nike耐克男鞋2017夏新款低帮复刻板鞋运动鞋时尚休闲透气跑步鞋812654-011 812654-011 42/265,清鸿叶运动专营店,https://item.jd.com/11138527991.html,//qhyyd.jd.com,419.00,,11138527991
耐克Nike2017新款男鞋休闲鞋运动鞋运动休闲819686-002 TG 902813-002黑+白+深灰 42.5,名鞋库运动旗舰店,https://item.jd.com/11817683693.html,//mxk.jd.com,429.00,,11817683693
NIKE耐克 2017年夏季新款男子FREE RN赤足跑步鞋 898457-001-003 898457-001 42.5,奥龙世博旗舰店,https://item.jd.com/11767764721.html,//mall.jd.com/index-598104.html,459.00,,11767764721
耐克 NIKE 男鞋 ZOOM STRUCTURE 20 缓震透气跑步鞋运动鞋849576-003 黑色 42.5码/9,Nike耐克京东自营专区,https://item.jd.com/4842928.html,//mall.jd.com/index-1000001927.html,,JD自营,4842928
耐克（NIKE）休闲鞋 ROSHE ONE PREM PLUS 男子潮流休闲鞋 807611-100 黑白色 US8.5码42码,Nike耐克京东自营专区,https://item.jd.com/4029044.html,//mall.jd.com/index-1000001927.html,,JD自营,4029044
耐克 Nike男鞋AIR MAX TAILWIND 8全掌气垫透气跑步鞋运动鞋805941 经典黑热销款805941-001 42,英迅奢侈品专营店,https://item.jd.com/12333778648.html,//mall.jd.com/index-640457.html,,,12333778648
NIKE耐克男鞋AIRMAX90气垫透气轻便运动鞋休闲板鞋819474-013 819476-004黑+煤黑+白 42,体客运动旗舰店,https://item.jd.com/11026919040.html,//tikeyd.jd.com,599.00,,11026919040
耐克（NIKE）跑步鞋 Roshe Run Roshe One GS 女子减震跑步鞋 599728-021 黑白色 US5Y码37.5码,Nike耐克京东自营专区,https://item.jd.com/3225344.html,//mall.jd.com/index-1000001927.html,498.00,JD自营,3225344
NIKE耐克男鞋夏新款AIR ZOOM飞马跑鞋运动透气休闲耐磨跑步鞋831352-001 831352-001 40,煜茂母婴专营店,https://item.jd.com/12170623962.html,//mall.jd.com/index-656547.html,599.00,,12170623962
耐克 NIKE 男子跑步鞋 NIKE FREE RN FLYKNIT 运动鞋 831069-402 蓝黑 US10/44码,Nike耐克京东自营专区,https://item.jd.com/3550033.html,//mall.jd.com/index-1000001927.html,998.00,JD自营,3550033
耐克Nike Roshe one女鞋复古跑鞋运动鞋休闲鞋 844994 511882 ROSHE ONE黑白 844994-002. 36码/5.5,乔乐运动专营店,https://item.jd.com/1457979653.html,//qiaoleyundong.jd.com,499.00,,1457979653
Nike耐克 17春夏男子LUNAREPIC LOW FLYKNIT跑步鞋 863779 863779-003 43,黑石旗舰店,https://item.jd.com/11846533496.html,//shengshi.jd.com,889.00,,11846533496
Nike耐克男鞋 2017夏新款华莱士运动鞋缓震透气休闲跑步鞋819685 819685-010 40,幸运叶子旗舰店,https://item.jd.com/11239888609.html,//xyyz.jd.com,699.00,,11239888609
耐克NIKE 女鞋 休闲鞋 AM16 UL 气垫 跑步鞋 833662-011黑色36码,Nike耐克京东自营专区,https://item.jd.com/2583871.html,//mall.jd.com/index-1000001927.html,648.00,JD自营,2583871
预售耐克女鞋NIKE 气垫网面内增高跑鞋运动鞋跑步鞋时尚休闲轻便跑鞋 (预售)621078-606 (39码),倍斯利母婴专营店,https://item.jd.com/12456754438.html,//beasley.jd.com,299.00,,12456754438
耐克男鞋NIKE AIR HUARACHE ULTRA华莱士运动休闲鞋 819685 819685101 42,胜道生活旗舰店,https://item.jd.com/12142762984.html,//shengdaosh.jd.com,649.00,,12142762984
耐克 NIKE 女子休闲鞋WMNS NIKE SOCK DART SE 轻质透气休闲运动鞋袜子鞋 862412,Nike耐克京东自营专区,https://item.jd.com/4355646.html,//mall.jd.com/index-1000001927.html,898.00,JD自营,4355646
耐克 NIKE 男鞋AIR ZOOM SPIRIMIC 男子休闲跑步鞋 881983-401 蓝色 42.5码/9,Nike耐克京东自营专区,https://item.jd.com/4869114.html,//mall.jd.com/index-1000001927.html,999.00,JD自营,4869114
耐克男鞋运动鞋Air Force 1 AF1空军一号低帮板鞋时尚休闲鞋845052-001 全白845052-100 42码/8.5,乔乐运动专营店,https://item.jd.com/11689638606.html,//qiaoleyundong.jd.com,699.00,,11689638606
耐克男鞋2017春季款AIR MAX全掌气垫缓震运动鞋休闲跑步鞋806771-001 DF 黑色/热销款 42.5/270,清鸿叶运动专营店,https://item.jd.com/1811318682.html,//qhyyd.jd.com,1149.00,,1811318682
Nike耐克男鞋 2017男士跑步鞋air max全掌气垫气垫飞线缓震运动鞋跑步鞋 黑色 39,乐麦运动专营店,https://item.jd.com/11259356953.html,//lemai.jd.com,729.00,,11259356953
NIKE耐克男鞋2017夏季新款运动休闲缓震耐磨跑步鞋844874-001 2017新款880843-001 42-8.5,恺琪运动专营店,https://item.jd.com/11753954673.html,//kqsport.jd.com,495.00,,11753954673
NIKE耐克 男鞋跑步鞋低帮运动鞋跑步833411-010 833411-010黑色+白色 42,SKOMART运动旗舰店,https://item.jd.com/11225264096.html,//mxkadidas.jd.com,429.00,,11225264096
耐克 NIKE 男子跑步鞋 NIKE FREE RN FLYKNIT 运动鞋 831069-601 亮深红 US8.5码42码,Nike耐克京东自营专区,https://item.jd.com/3630718.html,//mall.jd.com/index-1000001927.html,,JD自营,3630718
耐克男鞋2017春季新款AIR FORCE 1空军一号运动缓震复刻鞋休闲鞋845052 2017年新款845052-100 41,考利运动专营店,https://item.jd.com/11189169584.html,//mall.jd.com/index-38630.html,775.00,,11189169584
Nike耐克女子休闲鞋运动鞋 844931-601 35.5,宝夏运动专营店,https://item.jd.com/11889778897.html,//mall.jd.com/index-31218.html,519.00,,11889778897
耐克 Air Jordan Hydro XIII RETRO AJ13 乔13运动拖鞋 684915-100白色 42.5,威乐运动专营店,https://item.jd.com/12078359954.html,//boles.jd.com,369.00,,12078359954
耐克男鞋 2017夏季新款ZOOM气垫缓震运动鞋透气舒适低帮耐磨跑步鞋898466 DF 831352-001/17新款 ZOOM 41,天马运动专营店,https://item.jd.com/12282014679.html,//xyyzsg.jd.com,689.00,,12282014679
Nike耐克男鞋新款运动鞋Air max网面气垫缓震运动跑步鞋852461-008/005 852461-005 42.5,滔搏体育运动专营店,https://item.jd.com/11252948979.html,//mall.jd.com/index-20208.html,579.00,,11252948979
耐克Nike2017新款男鞋跑步鞋运动鞋跑步819300-406 819300-001深灰+白+黑 42,微能量运动旗舰店,https://item.jd.com/12377500348.html,//weinengliangyd.jd.com,349.00,,12377500348
耐克NIKE女子休闲鞋 NIKE ROSHE ONE 休闲鞋511882-803 亮橘橙/鲜红橙-白US7码38码,Nike耐克京东自营专区,https://item.jd.com/4248318.html,//mall.jd.com/index-1000001927.html,498.00,JD自营,4248318
耐克NIKE 女子休闲鞋 AIR FORCE 1 FLYKNIT LOW 气垫 篮球鞋 运动鞋 820256-103白色37.5码,Nike耐克京东自营专区,https://item.jd.com/4906372.html,//mall.jd.com/index-1000001927.html,1098.00,JD自营,4906372
NIKE耐克 男鞋跑步鞋低帮运动鞋跑步833411-010 833411-010黑色+白色 42,体客运动旗舰店,https://item.jd.com/10541748038.html,//tikeyd.jd.com,349.00,,10541748038
NIKE耐克男鞋2017夏季新款AIR MAX 气垫休闲鞋华夫板鞋运动跑步鞋 833260 833260-010 41,金腾运动专营店,https://item.jd.com/10292093459.html,//jintengyd.jd.com,469.00,,10292093459
Nike耐克男鞋2017夏新款低帮复刻板鞋运动鞋时尚休闲透气跑步鞋812654-011 812654-011 40.5/255,清鸿叶运动专营店,https://item.jd.com/11138527992.html,//qhyyd.jd.com,419.00,,11138527992
耐克NIKE男鞋跑步鞋 秋季新款 AIR MAX全掌气垫男跑鞋-806771-408 806771-411 42.5,云聚运动专营店,https://item.jd.com/11533533268.html,//iyunju.jd.com,899.00,,11533533268
NIKE耐克女鞋 TANJUN SE 女子复刻休闲鞋 经典黑白奥利奥运动鞋 844908 812655-011 黑/白（2017新款） 38,宜动旗舰店,https://item.jd.com/10134047335.html,//ydsport.jd.com,425.00,,10134047335
耐克男鞋2017春季新款NIKE ZOOM V12气垫缓震运动休闲跑步鞋863762 863762-401 42,卡飞诺运动专营店,https://item.jd.com/12365823410.html,//mall.jd.com/index-607372.html,729.00,,12365823410
耐克 NIKE 女鞋运动鞋 WMNS KAISHI 2.0 黑武士女子休闲鞋 844898-003 黑色 38码/7,Nike耐克京东自营专区,https://item.jd.com/4086349.html,//mall.jd.com/index-1000001927.html,,JD自营,4086349
【京东超市】耐克（NIKE）跑步鞋 DYNAMO FREE 幼童运动童鞋 343738-618 大学红/金属金 US3Y码35码,Nike耐克京东自营专区,https://item.jd.com/3383439.html,//mall.jd.com/index-1000001927.html,,JD自营,3383439
耐克 NIKE 男子跑步鞋 LUNARTEMPO 2 运动鞋 818097-016 亮橘  US9码42.5码,Nike耐克京东自营专区,https://item.jd.com/3200685.html,//mall.jd.com/index-1000001927.html,868.00,JD自营,3200685
耐克 NIKE 女子休闲鞋 NIKE W AIR HUARACHE RUN ULTRA 运动鞋 819151-100 白黑 US6/36.5码,Nike耐克京东自营专区,https://item.jd.com/3981310.html,//mall.jd.com/index-1000001927.html,848.00,JD自营,3981310
NIKE耐克男鞋 慢跑鞋 2017夏季新款运动鞋轻质休闲缓震透气舒适跑步鞋 DF 898466-001/17夏新款 41/260,幸运叶子旗舰店,https://item.jd.com/1643604704.html,//xyyz.jd.com,579.00,,1643604704
耐克 NIKE 男子跑步鞋 NIKE FLYKNIT LUNAR3 运动鞋 698181-405 蓝黑 US8.5/42码,Nike耐克京东自营专区,https://item.jd.com/3550041.html,//mall.jd.com/index-1000001927.html,1298.00,JD自营,3550041
NIKE耐克 男子NIKE ZOOM SPAN跑步鞋852437 852437-002+黑 43,滔搏运动官方旗舰店,https://item.jd.com/10822962488.html,//topsports.jd.com,559.00,,10822962488
耐克NIKE男子新款KAISHI2.0网面透气休闲跑步鞋844838HZ CS ZB 833411-001 40.5,沈斯克运动专营店,https://item.jd.com/11197264181.html,//shensike.jd.com,369.00,,11197264181
Nike耐克男鞋 2017夏新款运动鞋ARRO低帮复刻板鞋休闲鞋902813-001 DF 833411-010/17夏新款 43/275,清鸿叶运动专营店,https://item.jd.com/10115860498.html,//qhyyd.jd.com,429.00,,10115860498
耐克NIKE AIR MAX SEQUENT 2 女子气垫跑步鞋 运动休闲 852465-600 冲床红/黑37.5,Nike耐克京东自营专区,https://item.jd.com/4716546.html,//mall.jd.com/index-1000001927.html,,JD自营,4716546
耐克男鞋2017夏新款AIR MAX气垫运动鞋跑步鞋复刻休闲鞋833260-010 833260-881 40,考利运动专营店,https://item.jd.com/11189517838.html,//mall.jd.com/index-38630.html,,,11189517838
耐克NIKE AIR MAX90气垫运动鞋休闲跑步鞋男鞋 749688-600 夜褐红/白/行动红42,Nike耐克京东自营专区,https://item.jd.com/3631287.html,//mall.jd.com/index-1000001927.html,698.00,JD自营,3631287
NIKE耐克 男鞋zoom系列跑步鞋减震运动鞋跑步831352-402 831352-001黑+白+冷灰+狼灰 42,微能量运动旗舰店,https://item.jd.com/11226955784.html,//weinengliangyd.jd.com,649.00,,11226955784
耐克男鞋 2017夏新款AIR MAX气垫运动鞋跑步鞋复刻休闲鞋833260-010 夏季新款833260-010 40.5-7.5,联合尚品运动专营店,https://item.jd.com/10268557098.html,//mall.jd.com/index-22911.html,569.00,,10268557098
NIKE耐克男鞋 2017夏新款AIR MAX全掌气垫运动跑步鞋849559-001 DF 849559-001/17新款 42.5,天马运动专营店,https://item.jd.com/11266507652.html,//xyyzsg.jd.com,1159.00,,11266507652
耐克女跑步鞋2017春季新款AIRMAX全掌缓震气垫运动鞋805942-603/501 805942-603 38.5,法雅体育官方旗舰店,https://item.jd.com/11117794012.html,//mall.jd.com/index-92097.html,749.00,,11117794012
Nike Cortez Basic Leather 耐克男子运动休闲鞋 阿甘鞋 经典款 819719-100 42.5,SNEAKERHEAD官方旗舰店,https://item.jd.com/10121270134.html,//sneakerhead.jd.com,,,10121270134
NIKE耐克女鞋 女子AIR ZOOM STRUCT透气运动鞋跑步鞋耐克官方旗舰店-MT 831356-001/2017夏季款 38.5/7.5,晨墨运动专营店,https://item.jd.com/11770477789.html,//chenmo.jd.com,688.00,,11770477789
NIKE 耐克 MAX SEQUENT 气垫鞋 男鞋 719912 黑/赤铁矿黑/狼灰/白 42,潮帮运动户外专营店,https://item.jd.com/10314429411.html,//wlzyd.jd.com,499.00,,10314429411
耐克男鞋2017夏新款运动休闲轻便减震透气跑步鞋812654-005 812654-011 812654-011黑色 44,羽怿运动专营店,https://item.jd.com/11956283013.html,//y1sports.jd.com,435.00,,11956283013
Nike耐克男鞋AIR ZOOM PEGASUS 33跑步鞋831352-001-402 831352-402 42,风尚运动专营店,https://item.jd.com/1779038181.html,//fengshangyd.jd.com,589.00,,1779038181
Nike Air Max Thea 耐克女鞋 轻便气垫跑步慢跑鞋 透气休闲运动鞋 599409-104 38,,https://item.jd.com/1984537835.html,,.00,,1984537835
NIKE耐克女鞋运动鞋FLEX TRAINER 5轻质舒适耐磨跑步鞋724858-008 黑色724858-013 38,君悦运动专营店,https://item.jd.com/11473317240.html,//junyueyd.jd.com,449.00,,11473317240
Nike耐克2016新款LUNARTEMPO 2男子跑步鞋 818097-100 红/黑818097-016 41,极速运动专营店,https://item.jd.com/10644174573.html,//hudong.jd.com,626.00,,10644174573
Nike耐克 ROSHE TWO 女子运动休闲鞋 跑步鞋 844931-002 37.5/6.5,喜悦运动,https://item.jd.com/12480922011.html,//xiyueyonex.jd.com,454.00,,12480922011
Nike耐克男鞋2017春季新款AIR ZOOM运动鞋气垫休闲跑步鞋852437-006 AIR ZOOM跑鞋852437-006 42,热点体育旗舰店,https://item.jd.com/11166521459.html,//redian.jd.com,738.00,,11166521459
耐克女鞋 2017Air Huarache Ultra华莱士三代运动休闲跑步鞋819151 819151-602 37.5,清鸿叶运动专营店,https://item.jd.com/12690690573.html,//qhyyd.jd.com,639.00,,12690690573
NIKE耐克男鞋2017夏季新款AIR ZOOM气垫运动鞋透气跑步鞋831352-001 AIR ZOOM气垫缓震831352-001 40.5-7.5,热点体育旗舰店,https://item.jd.com/10544047001.html,//redian.jd.com,598.00,,10544047001
耐克NIKE男鞋Flyknit飞线Zoom Air运动鞋跑步鞋526628-011-401 黑白配色526628-011 44,热点体育旗舰店,https://item.jd.com/10397042277.html,//redian.jd.com,1359.00,,10397042277
耐克NIKE男鞋 男子AIR MAX全掌气垫透气缓震运动鞋跑步鞋 805941 805941灰色/蓝/白/黑 41/8,乐麦悦购旗舰店,https://item.jd.com/10436165370.html,//lemaiyuegou.jd.com,729.00,,10436165370
,,https://item.jd.com/1985980827.html,,,,1985980827
耐克Nike童鞋夏季新款青少年网面透气轻便运动休闲鞋 705485-404 C 705485-404 5Y/37.5码,爱淘运动专营店,https://item.jd.com/12673360118.html,//aitao.jd.com,299.00,,12673360118
NIKE耐克男鞋 2017夏季气垫低帮透气轻便休闲运动跑步鞋902807ZB队红白黑 902807-001 40,瑞动运动专营店,https://item.jd.com/12419467716.html,//mall.jd.com/index-602487.html,409.00,,12419467716
Nike耐克男鞋 2017夏新款透气网面舒适运动鞋休闲耐磨低帮缓震跑步鞋819300 DF 812654-011/2017新款 43/9.5,天马运动专营店,https://item.jd.com/1333049767.html,//xyyzsg.jd.com,419.00,,1333049767
【正品包邮】NIKE/耐克 FREE RN网面休闲运动鞋跑步鞋男鞋831508 001 黑色 41(260),,https://item.jd.com/1979368024.html,,.00,,1979368024
耐克Nike跑步鞋男子新款轻便透气运动跑鞋 830369 C 830369-001 40,爱淘运动专营店,https://item.jd.com/12137931248.html,//aitao.jd.com,569.00,,12137931248
耐克女鞋 2017夏季新款AIR ZOOM 33缓震透气运动鞋轻便跑步鞋831356 DF 831356-007/17夏新款 38/240,幸运叶子旗舰店,https://item.jd.com/12078019173.html,//xyyz.jd.com,674.00,,12078019173
耐克Nike2017新款男鞋休闲鞋运动鞋运动休闲875797-001 875797-001黑+煤黑+白 40,名鞋库运动旗舰店,https://item.jd.com/11247510979.html,//mxk.jd.com,799.00,,11247510979
幸运叶子耐克男鞋 2017新款Sock Dart 运动袜子鞋低帮休闲板鞋819686 DF 819686-005 42.5/270,江苏叶子运动专营店,https://item.jd.com/11889426513.html,//xyyzjs.jd.com,649.00,,11889426513
耐克NIKE 女鞋 休闲鞋 TANJUN SLIP 跑步鞋 902866-002黑色36.5码,Nike耐克京东自营专区,https://item.jd.com/4577064.html,//mall.jd.com/index-1000001927.html,,JD自营,4577064
耐克Nike女鞋 2017春季新款时尚舒适运动鞋透气跑步鞋复刻休闲鞋板鞋828403 DF 844888-100/17春季新款 37.5(235),幸运叶子旗舰店,https://item.jd.com/1636676518.html,//xyyz.jd.com,,,1636676518
耐克男鞋2017春季新款透气网面运动鞋跑步鞋轻便减震休闲鞋819300-009 2017年新款819300-001 40,考利运动专营店,https://item.jd.com/11202654466.html,//mall.jd.com/index-38630.html,385.00,,11202654466
nike耐克男鞋2017新款AIR MAX 90 气垫透气运动休闲板鞋876005-300 拼色845039-006 43,文石运动专营店,https://item.jd.com/10620943936.html,//wenshiyd.jd.com,749.00,,10620943936
耐克女鞋 2017夏新款AIR MAX休闲运动轻质舒适跑步鞋881106-002 DF 881106-002 38,幸运叶子旗舰店,https://item.jd.com/12137215903.html,//xyyz.jd.com,669.00,,12137215903
耐克Nike男鞋跑步鞋运动鞋登月跑步818097-002 冬818097-002黑+白+煤黑 45,SKOMART运动旗舰店,https://item.jd.com/11225244372.html,//mxkadidas.jd.com,569.00,,11225244372
Nike耐克男鞋2017新款TANJUN经典高帮运动休闲鞋812654-011 X 网面/经典黑 812654-011 43,型尚网运动专营店,https://item.jd.com/10537490658.html,//xingshang.jd.com,399.00,,10537490658
耐克男鞋2017夏季新款AIR HUARACHE ULTRA华莱士运动跑步鞋819685- 2017新款819685-010 44.5,恺琪运动专营店,https://item.jd.com/10472651710.html,//kqsport.jd.com,719.00,,10472651710
耐克NIKE 男女跑步鞋 NIKE FLYKNIT RACER 情侣阴阳黑白飞线编织跑步运动鞋 526628-011 黑/白 US5码37.5码,Nike耐克京东自营专区,https://item.jd.com/4380798.html,//mall.jd.com/index-1000001927.html,1198.00,JD自营,4380798
幸运叶子耐克Nike男鞋2017新款运动鞋低帮休闲鞋板鞋 857935-001 344082-030/17新款 42,江苏叶子运动专营店,https://item.jd.com/1368237671.html,//xyyzjs.jd.com,449.00,,1368237671
耐克Nike男鞋女鞋新款AIR MAX跑步鞋运动鞋537383-016 616723- 红色616723-602 40,热点百货商行专营店,https://item.jd.com/10159146044.html,//mall.jd.com/index-107680.html,629.00,,10159146044
耐克NIKE女鞋2016春季新款运动生活耐磨缓震气垫高帮休闲鞋819809-100 819809-100 39,法雅体育官方旗舰店,https://item.jd.com/10073861382.html,//mall.jd.com/index-92097.html,719.00,,10073861382
NIKE耐克男鞋女鞋情侣款SOCK DART低帮运动休闲鞋 819686005 819686005男 41,胜道生活旗舰店,https://item.jd.com/12097635476.html,//shengdaosh.jd.com,599.00,,12097635476
Nike耐克板鞋男鞋2017新款低帮复古运动透气轻便休闲鞋377812-044 377812-044 41,百朗运动专营店,https://item.jd.com/11616868416.html,//mall.jd.com/index-625778.html,362.00,,11616868416
Nike Court Borough Mid 耐克 男鞋 时尚中帮休闲板鞋 复古运动鞋 838938-001 41,,https://item.jd.com/1980016773.html,,.00,,1980016773
NIKE耐克2017春夏新款男鞋休闲鞋运动鞋902813-002 902813-100白+白 41,体客运动旗舰店,https://item.jd.com/11818262611.html,//tikeyd.jd.com,,,11818262611
Nike耐克 2017春季 女子 MAX MOTION 运动休闲鞋 844895-800 844895-800 37.5,杰之行运动专营店,https://item.jd.com/11260729084.html,//jzxyd.jd.com,429.00,,11260729084
耐克/NIKE DYNAMO FREE 男女童幼童小童 毛毛虫运动跑步鞋 舒适 轻便 343738-619橘黄 29.5码/18cm,威乐运动专营店,https://item.jd.com/11394166231.html,//boles.jd.com,,,11394166231
NIKE耐克 新款男鞋Air max跑步鞋减震运动鞋805941-410 TG 805941-410海岸蓝+粉蓝+星星蓝+白 42.5,名鞋库运动旗舰店,https://item.jd.com/10865713259.html,//mxk.jd.com,659.00,,10865713259
耐克NIKE女鞋17夏款AIR MAX运动跑步鞋806772-001 805942-301 蓝色805942-400 37.5-5Y-235mm,君悦运动专营店,https://item.jd.com/11473331507.html,//junyueyd.jd.com,754.00,,11473331507
耐克男鞋Nike2017春季新Air Force空军一号休闲鞋时尚板鞋718152-205 718152-018 43,皓洋潮汇运动专营店,https://item.jd.com/11284621338.html,//haoyang.jd.com,613.00,,11284621338
耐克女鞋 新款运动鞋低帮舒适印花帆布鞋休闲鞋板鞋 DF 724769-016 38,幸运叶子旗舰店,https://item.jd.com/10133873786.html,//xyyz.jd.com,259.00,,10133873786
NIKE耐克男鞋女鞋 2017夏季新款AIR MAX全掌气垫缓震运动休闲跑步鞋 DF 896495-100/女款 38/240,清鸿叶运动专营店,https://item.jd.com/11959934471.html,//qhyyd.jd.com,959.00,,11959934471
耐克NIKE CLASSIC CORTEZ LEATHER 阿甘鞋 男子休闲运动鞋 749571-100  白色 40,宜动旗舰店,https://item.jd.com/12535059203.html,//ydsport.jd.com,,,12535059203
耐克女鞋 2017夏季新款华莱士时尚运动休闲鞋透气低帮耐磨板鞋833292-101 DF 833292-101/17夏季新款 38,天马运动专营店,https://item.jd.com/11236991252.html,//xyyzsg.jd.com,649.00,,11236991252
耐克NIKE男鞋春款阿甘经典运动鞋轻便皮质复刻鞋休闲鞋807480-164 白色807480-164 42.5,热点体育旗舰店,https://item.jd.com/11088426460.html,//redian.jd.com,549.00,,11088426460
Nike耐克男鞋2016春新款AIR MAX半掌气垫透气运动跑步鞋719912-009 719912-801 40,卡飞诺运动专营店,https://item.jd.com/12319474060.html,//mall.jd.com/index-607372.html,619.00,,12319474060
NIKE耐克男鞋17年新款运动鞋男透气跑步鞋852437 844838 2017年夏季新款844838-005 42,五新运动专营店,https://item.jd.com/11116695095.html,//wuxin.jd.com,439.00,,11116695095
NIKE耐克男鞋2017夏季新款男子赤足网面透气缓震跑步鞋 898457-001 898457-001 40,智凯运动专营店,https://item.jd.com/11620218920.html,//zksports.jd.com,579.00,,11620218920
NIKE/耐克男鞋空军一号 AF1纯白 男子低帮休闲运动板鞋 高帮合集 315122-111 白色低帮 42.5,长沙道勤运动,https://item.jd.com/1059407311.html,//mall.jd.com/index-44915.html,729.00,,1059407311
Nike耐克女鞋跑步运动鞋 843883-010 SP 38,宝夏运动专营店,https://item.jd.com/12141983277.html,//mall.jd.com/index-31218.html,512.00,,12141983277
Nike Air Max LTD 3 耐克男子低帮气垫跑鞋 运动休闲鞋 687977 687977-020 41,,https://item.jd.com/1950177544.html,,890.00,,1950177544
耐克女鞋2017夏季新款低帮缓震运动休闲鞋板鞋881109-001-100-101-002 881109-101 38,博飞运动专营店,https://item.jd.com/12294166063.html,//mall.jd.com/index-649487.html,1199.00,,12294166063
耐克女鞋 2017夏季新款运动耐磨舒适休闲鞋缓震透气低帮跑步鞋831356-603 DF 844931-002/17夏季新款 36,天马运动专营店,https://item.jd.com/11960453706.html,//xyyzsg.jd.com,489.00,,11960453706
NIKE耐克男鞋 2017夏季新款ARROWZ运动鞋舒适耐磨透气休闲鞋902813 902813-002 42.5,幸运叶子旗舰店,https://item.jd.com/11573082938.html,//xyyz.jd.com,459.00,,11573082938
Nike耐克男鞋夏季2017夏季款air max气垫休闲鞋跑步鞋户外运动鞋718895 705149-604 夜褐红/健身房红-黑-白 42,卓创运动专营店,https://item.jd.com/11281874666.html,//zhuochuang.jd.com,529.00,,11281874666
耐克男鞋 2017春新款AIR ZOOM气垫运动鞋透气缓震舒适低帮跑步鞋898466 DF 831352-400/16款 44,天马运动专营店,https://item.jd.com/10409139325.html,//xyyzsg.jd.com,498.00,,10409139325
耐克女鞋 2017春季新款AIR MAX 90气垫缓震休闲鞋透气运动跑步鞋869950 869950-001 38.5,风驰运动专营店,https://item.jd.com/10548865005.html,//fengchiyundong.jd.com,599.00,,10548865005
耐克NIKE男鞋跑步鞋FLEX轻便缓震2017春季新款运动鞋898457 830369 898457-001 44,法雅体育官方旗舰店,https://item.jd.com/11565978416.html,//mall.jd.com/index-92097.html,489.00,,11565978416
耐克男鞋Nike2017夏季新款Vibenna气垫休闲运动透气跑步鞋866069-001 866069-400 40,皓洋潮汇运动专营店,https://item.jd.com/11289522839.html,//haoyang.jd.com,553.00,,11289522839
耐克男鞋Nike FLYKNIT MAX 男子全掌气垫跑步鞋 620469-103 41,烽火轮运动专营店,https://item.jd.com/11903206695.html,//fenghuolun.jd.com,,,11903206695
NIKE耐克2015秋季女子舒适生活运动休闲综合训练鞋 724858-601 724858-601 38,锐速运动专营店,https://item.jd.com/12653310930.html,//kryd.jd.com,299.00,,12653310930
耐克NIKE男子休闲鞋 NIKE AIR EPIC QS 休闲鞋 810171-600 红色 US9.5码43码,Nike耐克京东自营专区,https://item.jd.com/4133970.html,//mall.jd.com/index-1000001927.html,499.00,JD自营,4133970
耐克Nike休闲板鞋女子新款网面透气轻便复刻运动鞋 833801-400 C 833801-400 36.5,爱淘运动专营店,https://item.jd.com/10786765461.html,//aitao.jd.com,219.00,,10786765461
耐克NIKE男鞋 2017夏新款ROSHE ONE运动鞋跑步鞋511881-010-405 511881-405 42,君悦运动专营店,https://item.jd.com/11768479515.html,//junyueyd.jd.com,391.00,,11768479515
Nike耐克2016冬季新款ZOOM SPAN女子运动缓震跑步鞋852450-003 X 852450-007 38.5,极速运动专营店,https://item.jd.com/11893017325.html,//hudong.jd.com,554.00,,11893017325
Nike耐克男鞋 2017春新款运动鞋Air低帮复古板鞋休闲鞋876135-002 DF 876135-002 41/260,清鸿叶运动专营店,https://item.jd.com/11305269645.html,//qhyyd.jd.com,598.00,,11305269645
NIKE耐克女鞋冬款ROSHE TWO运动鞋轻便休闲跑步鞋844931-006 QC 844931-006 38.5,热点体育旗舰店,https://item.jd.com/11333573383.html,//redian.jd.com,389.00,,11333573383
,,https://item.jd.com/1971105622.html,,,,1971105622
全球购Nike 耐克女鞋 NIKE SOCK DART BR 女子运动休闲鞋 896446 白/白/冰川蓝 39,,https://item.jd.com/1985002761.html,,.00,,1985002761
耐克NIKE女鞋冬款AIR MAX气垫缓震运动鞋跑步鞋749866-001 蓝色719916-404 37.5-6.5,热点体育旗舰店,https://item.jd.com/10313339181.html,//redian.jd.com,789.00,,10313339181
耐克男鞋春秋款AIR FOOTSCAPE NM Hyper泼墨运动休闲鞋852629- 黑色852629-001 40.5,热点体育旗舰店,https://item.jd.com/11262336773.html,//redian.jd.com,899.00,,11262336773
耐克女鞋2017春新款AIR MAX全掌气垫运动鞋缓震透气跑步鞋852465-002 橙色805942-800 38.5/245,清鸿叶运动专营店,https://item.jd.com/10032359190.html,//qhyyd.jd.com,599.00,,10032359190
NIKE耐克男子休闲鞋运动鞋 833273-414 40,宝夏运动专营店,https://item.jd.com/10277891585.html,//mall.jd.com/index-31218.html,439.00,,10277891585
耐克男鞋 夏新款Air Max90气垫运动透气休闲跑步鞋833260 DF 852461-005 40,风驰运动专营店,https://item.jd.com/11224803806.html,//fengchiyundong.jd.com,656.00,,11224803806
耐克女鞋 LUNARGLIDE 8 SHIELD气垫运动鞋跑步鞋DF 849569-300 37.5,Nike耐克京东自营专区,https://item.jd.com/4265516.html,//mall.jd.com/index-1000001927.html,1068.00,JD自营,4265516
耐克男鞋2016冬季新款复古透气休闲板鞋运动鞋休闲鞋555305-003 灰白红555305-006 42.5,考利运动专营店,https://item.jd.com/11189189137.html,//mall.jd.com/index-38630.html,536.00,,11189189137
耐克运动鞋男鞋2017春季新款Roshe Two缓震轻便跑步鞋844656-004 2017夏季新款898457-001网面透气 40.5,热点体育旗舰店,https://item.jd.com/10540301220.html,//redian.jd.com,456.00,,10540301220
NIKE耐克2017春夏新款男鞋 跑步鞋运动鞋878670-406 TK 878670-400上等蓝+黑+银灰色 41,名鞋库运动旗舰店,https://item.jd.com/12036324910.html,//mxk.jd.com,899.00,,12036324910
Nike耐克2016春款AIR MAX男子气垫运动缓震跑步鞋 719912-009 宝蓝719912-406 41,极速运动专营店,https://item.jd.com/10114240163.html,//hudong.jd.com,611.00,,10114240163
Nike耐克女鞋 跑步鞋 2017夏新款网面运动鞋气垫缓震慢跑鞋878671-001 DF 833662-011/2017新款 36,茵特运动户外专营店,https://item.jd.com/12035040140.html,//mall.jd.com/index-662405.html,498.00,,12035040140
耐克女鞋2017春季新款Air Max气垫运动休闲缓震耐磨跑步鞋881106-002 黑色881106-002 38,热点运动户外专营店,https://item.jd.com/11217686326.html,//converserd.jd.com,629.00,,11217686326
全球购耐克（Nike） Free Trainer 3.0 男运动休闲跑鞋专柜 标准42.5/US9,,https://item.jd.com/1970885890.html,,1446.00,,1970885890
NIKE耐克2016秋新款DYNAMO FREE (TD)儿童毛毛虫童鞋343938 343738-415蓝白 中大童 2Y,麦客运动专营店,https://item.jd.com/10879252967.html,//maike.jd.com,429.00,,10879252967
NIKE耐克2017男鞋 Air Vibenna气垫休闲运动透气减震慢跑鞋866069ZB 866069-001 40,沈斯克运动专营店,https://item.jd.com/12553511629.html,//shensike.jd.com,419.00,,12553511629
耐克女鞋2017春季新款Air Max气垫鞋缓震耐磨跑步鞋852465-002 2017新款红色852465-600 38,恺琪运动专营店,https://item.jd.com/11121153396.html,//kqsport.jd.com,,,11121153396
NIKE耐克 2017年 春季 女子ULTRAFORCEMID空军一号休闲鞋 864025 864025-001 38,杰之行运动专营店,https://item.jd.com/11225151148.html,//jzxyd.jd.com,589.00,,11225151148
Nike耐克男鞋2017夏新款气垫复古运动鞋休闲跑步鞋749680-002 DF 749680-002/MAX 42/265,清鸿叶运动专营店,https://item.jd.com/11299979327.html,//qhyyd.jd.com,499.00,,11299979327
NIKE耐克男鞋2017春季新款AIR MAX全掌气垫缓震运动跑步鞋849559 849559-001 40,金腾运动专营店,https://item.jd.com/11236902754.html,//jintengyd.jd.com,1329.00,,11236902754
耐克男鞋2016夏季新款运动鞋低帮网面休闲鞋板鞋819810-001 煤黑白819810-001 41,恺琪运动专营店,https://item.jd.com/10332844762.html,//kqsport.jd.com,449.00,,10332844762
耐克NIKE男鞋2017春季新款ROSHE ONE轻便跑步休闲鞋511881-023 灰色511881-023 42.5,热点体育旗舰店,https://item.jd.com/11535552139.html,//redian.jd.com,398.00,,11535552139
